uid,label
9c6fa283058e35d6b3d8b4feeb30639b,
6ba8b3e959643c428012990292d8a675,
9dd0e681dc1c305fb3166e5b0b15a324,
dcbb390e9539398ab74db13ae4f51a85,
fd5d8e2790f23c70a2318cb0acab303d,
38e379ef187d3176b39b026c8c7dfc11,
9a062bc54c6a31728edf55901a5bee62,
338084d9d64833eabdb4b64ad42af102,
812831e6ab4130398c3f17f6789520ce,
43c85ac4850235bb81ec1419792ebdf4,
a126ee4fa222357db71b7d3f226c559f,
234e760840723aa8af8f9069c9b8d5ee,
8cb8ee692cbb3a908c0f84b091ef2bc7,
6a59251017d93925b3214a8d4927f8d0,
36dc4a1bc437363cabb213311fb0912e,
ff9828e109403033961359d26c53749e,
99e15b67997136cd8a31b6afe148b834,
a8c29f21650236c49efe3fab3ba43544,
6c033772d5323a64b221be9d1d965bbe,
7b6ff6f44e2f3a7f9cd5f6966a107e8c,
be027d74a8643df0832ab1d6e6479ba9,
9d7432730fa033f895e575ab9137691a,
82d5ab40834936ce9436aa54756177cc,
b77dec3f259b32ec91532a0ffa62350f,
ba2c4e9e70413affb65d2509109770de,
3f0852d84b733975a515e2cc754a1f64,
15e954a493713a5dbf632be2d4dc044d,
1632bd6e75f43e7f8805c4ac1f3d8230,
ae1feeac885b30e8b9017d4e8b5d184c,
9ab7720b88873225a39e5fa3cece1591,
7b5c45bb8a893911ac3d0d4b03cba482,
17eb058f982733e28c03f01bc1b4e596,
b1b6a7ed7f3c33ada85be53b5507e643,
7a08c436e54e30e4ac8f2d5837f4cf88,
7ff5a64eeaef34b7b67dd93913ab30af,
0128dcfd69fc36d7b6316a64fdc053fe,
0445c621be9d36338f1e690949df8d4f,
c086d42a478034ebbbf2740a2a016494,
42c075a5404d3072bd37120d19f86768,
39f9159bf7a436c49198f9c9891552e5,
0a6674f648a83408acaf853c65769ce3,
4385125bdd1e3025880f3311517cc8d5,
55a998c2557a3b06adc5ae19aa817b25,
46cefc7e62173896bf0740647bbd14ff,
fb04e3fa98043cb1b66e4e9e9d06c64a,
7cee376c0ffe372fb397a549bcf7ccfa,
23fb2b76d88f332f8db17f646a9d874b,
d8459b90b59231d096f8daeebaa03d57,
4567997841f335d6a535af81e905bc39,
f8f4bc05852c3cbfb1f1bd3837535832,
2dc94acf25663946b03199b799c8fd24,
9cc209ed31a03ef8aad02eed274f182b,
5d709314142439598825267c637ec648,
e065193fe3d13f79a3aec6525ff616d7,
9b36be887d9c3717a3490a18745b5af3,
d6971ad309d439cda4d2b7fbe33a29b2,
f525e31a634c3d2f9447999cf6b5b6a0,
c8fcbc78bed13a8d8bcb0a1cdd9aba2d,
47299305224a3d559494fdaed57a4770,
eae883b16f01341a8d63a33a9e65b396,
1977e410f0143a4cad57bfe702c38578,
8a52115d312b356c80ca4cf607fb41e7,
ef42fe15df8c38a990768bfa9694a2c8,
826566d1eeac3065a919bc803983c90f,
451cbb8dccce37e88d451255b8b4ee0e,
d87421cbe6333763a49bd35b723012b9,
26d72503e02c3b07a31b5c22c3dee983,
e7e14cacbe3b3e0387c5a2f6d5b259b5,
093dc0b00aba3e45b09d85e34744f063,
97da3214595b304782ce5984899553a5,
4c61e3fd8f5c3bfbbc683a3906ef4aff,
ba2727e7adc031db99d7ab070c178767,
311b8150ccf53e2a9a8f4572f28166ca,
8ac7d478133831edbd3c60255e893ef2,
0cc7a648ed243a10bfed71d179169d09,
28def7ee486a3f548f21f8c2d585d719,
41f8d94ce8b33d64a1200b067021503f,
1258b90cdf52384b9eeb7332af6497e0,
93516407d26f3ccd9f9fa665f71c07c8,
abb66b609fae3f5ba90480f04b86a655,
8848705da5813d2b948d64f1b3807b37,
399fe791ca1f33bbbe5546cfd46b3b94,
cfc5a334d2e73175bb5a0e9d9a25de0d,
ba557a2f3fc73a63a92ff3b5889a5fd5,
d0352f7260ff3365a866f53160d99f82,
ca902f90d2e63957b7150bc7310581b6,
1e65a1d5cd923914ab9f9b13c24ab793,
b18ee757cacd3809a267992c16a27db3,
6d277b9ce756325694154b9ffb76f9a5,
a8f05ef0024438948cf4bd808addf41d,
07b49c2a625c3ee3889f246162b10d3f,
16202b2515c83a9aabe89b7ef54e4411,
12fc65c4ef8f3388a1981d3053f11a10,
547dea86b3c0337b8e3d24ebf23c73d6,
32ab2b4f9186303eb1bd5fb1556a8514,
be9ce18693933872a25fa7cb537c64d8,
01e439a66eaf33ea963623624adac3a5,
ca423e4689cc384a9bf38f5f4c075604,
970f8a8880a638039e80a8ee400179ed,
d1cb3951bb6b30ca9fac26417aaf713e,
23199aea300b3181a5c20e241c6ea0dc,
395f26275a14363885a76bd472bc026b,
89cb944dcbb73d8c96b2f9cdb0633359,
486956314d5e32f9ae879d0d6987acce,
7abc3d4d65c139d78e20604e2ec726c8,
d28f30dbc9263dca882aad4d25996212,
555dcb3aa35b3065a7358e91d590ded0,
265e5e3718333fb1a075a5874d92fa52,
344cc13b9b043506bdf5253cd832c42d,
f953b45e86e03ea9ac5393f6528a2505,
4bca9a47a1d333a5b5259f91bda3edcc,
73f83f76220838b9ba336ceef51dc2ef,
5da6200f661b304a930ea7ff00905711,
60fa2830d3fb3c09bdb5be0ee80e3c2e,
43e9dffeecd03cd59006e4e4c3366161,
2c587b518e113f7e8c92e29f040f4c98,
3a55d1378b79396ea41dfd4267c5f750,
a5472bffa0b33d1baeca7f64b2c5166b,
baf129646cac37039c3f8f3dbdf7f099,
c6a46186b0203dc6b58b72671b05c1c0,
bc5a23d997d33612aeadaa522eb08564,
2591c62c0a9d3c2897bcfa0401556a3c,
01aed6ddc9c938aeb3344e465fcc8ec1,
72cc5ed196cc3a10a91b2f0b6f6e91b8,
2a2822e26bf83c37a490e4d325514bfb,
af10a83fef333639a15bec3b00a3b890,
0a18713dbaeb3588a5cba4389f1e3d4a,
d37f5d067d3d3a2198ae10ea17c8d312,
18ddf15eec85337b87433a7515feb31c,
ae5e9a0ef7c43e169f80c6f8d2791e40,
8e1baa7cbefe354aa09cb95bfc8ec575,
8ab5ae40ab6c37b481b70effe4b66826,
507515029ea63f8dbd89e8bb8edda233,
bd4f434ddf883f67933bcf3966af465c,
41de4fb930e730cf8dd03d9ca0429353,
b07fc36dcf9e3b0fbe0e822fa2d17bde,
4e91269f7b2833bc9274ad005a3dfd94,
963be5cc64da307696d9deabb789dec2,
48a317e10c533579926a0e8d8b520775,
98799b9f1c5e30b3930fe412b862cbe4,
bfffd7c8fe893cc8bb356c356b73df49,
fe99819a6f1c349794d20966196be618,
5478e7bc868138b3bfc9eb6f81371299,
5121530faca13683add71852e562c828,
291b14d985773d48831b8dd10476408e,
b7ad6502d9d43574b67fae8265126dff,
c864baa02fe736e0ac46c180fd4ba6d2,
a4715ee0524a37ccbeb2a0b5030757b7,
3991ac454dab3a1390f9a27492e246fb,
bedc94ba20893cf6852d18173d4dd84a,
e6d3bcb982203d8d8a71c732bfd165ed,
a5520675f20d368a96a872d7a39c70b0,
ca1c4f50e90e3f4a9f2f2c83fea03b9c,
da0a4b1f48f83955bdbf9fd3514b0895,
44eb0948118f3f2887e4f61c8f889aba,
d959a795c02f31c19e2e2f6233bee535,
9b5b55e64f6a3ccf918777bfb427765d,
9801eda91c663ecab48358bf7ef61e81,
e5f57653c6bc391185feb4d558f5d92d,
8a9b9fc1848630ffaf47a3fa7b97ef06,
560b458ba40731e6a07d86bcbe854797,
dde7a06d22563322ac3cc9ec7958cca6,
9950a11c6baa392b99f302ca72666429,
bad0943221993a05a88fe1f8f0d1e150,
275f5dd0099d3fc8b220ec6201426ee8,
4b97fa7e937b3fd48c1a417a86a32470,
f1ba53ef94d631cdb8c1bdd2ba9c062a,
3b49566b19063635a30a50922cf5225e,
7e3ba1f3523d30eeb029fa12b2316e83,
5791fc9097a537e3bfdeabf67be11c1b,
434ada1813ce3c088b40a1a1ae030569,
bcfcba774ee83a69b3dd76f2c4934d0b,
a265ddcf355339f8a3e6fce27ee1504f,
02855a96a3343e9090cf4505829bfc1e,
0a26c1175f1130b0a9badcc7a0acaf3f,
6fe0d3460bc13be79514bbe1a7ebc3dc,
22f1bd429dff30f7b97745afbd441585,
bc27b4dbbc0f34f9ae8e4b72f2d51b60,
4f1d1d50f2e23c2499e5d1be98b4021b,
9604007185ba3d0491ef0aa5b0cde9ef,
0de5e9b169e439039c1b77c2807e55f1,
ad1c0a44767630ac9422bb7de243b53c,
671d21edf1173c84a42db48a398ac687,
83a7b0820be934919819766cca86d4f1,
f03ae0baecfc3a6fb4b815c8518d0805,
aad09fdf8d313ffa87aee901a44751ed,
b4465bdb1a603feb9d40a45a55067d1b,
c8295375468234d2b6e7a3227bf6e291,
78ac1ace5019307b983009ca24b994af,
2eb1f835f8123c2da6070dba015f2985,
d6b33b752bc6333692bd694e643bd49f,
7ab055ba65ac34b0ba2e08b8e5ce679d,
65ad8d7ce6423f0dbf5409d537da297b,
73252d8ec4e13a198926dfdb234cad3a,
fc72beebf79036eea73d33888c9d8880,
4d65c08cba2b3080aa67d33227d8f5bf,
65a253998ba83d17aad402848d5d94de,
ac038336fc0c36e7b4b736a6eda159a6,
6589ea0a90133e7fbe3785f0044be933,
82100b000530316a8da599b2ae2b064f,
b6a92f9410cd3e3b8373538410dc8005,
80118715b4da3a879de881ba29a7706c,
e339dbe47a6231958f6122772651f06c,
7e8c2206ea93369ebd550fdc971e611d,
f3cd09046b1a36b09c76516619b66420,
e3619fd029533a75894698418c171f47,
b3e0da897a2431ec816d605d72eb3d8a,
0a0b2ba8af673f1db711f8cc852d895c,
4f73992a9a4c30b2912e258cabf2153d,
151ad695b85a3279838e33561a6d3269,
68583f57c6cb3977b9c051302686c2fb,
1cbff26d70d83748a72f0d11e615b885,
bad3746989443ae6b83aa56a47ec7556,
6a3dcc9862273930a24b082ad81e7ec5,
d30d99226f963d638c662005330513a0,
f429df98ba963d3f8ae772b4fad48588,
9971850247873c4a93d320c6c9e732fe,
728f72826e323e1ba4a954f23339862f,
79b38db75d533a38af1fe522f267807d,
86be3edd65ee356081c8326ff0986b4a,
ca92da0e5e6431ff9bccbde3a0df68bc,
c4e601348d313e9fa3d9b6b974ce1a83,
fc049d437ca53962b40e262a5bd93bfa,
9c935f922e6333f7ad662a2fbfc2f200,
4c345ea9000637e0ad18253a323cbb36,
6ea27bc86cbe3b739448f48013c0b4a7,
1485c4c6be973049a4739cff850aae67,
9518bec70b3d39bca772290dac4fff8d,
14e3afeb5d5134a3b23a4b8af0f77a2f,
e68988e1a9143c01a81454edfa513f5b,
1a208e0cb1f83163a88fdf1d788aa989,
930529e5ae2c34cc9660e4b3e7613fab,
114d2c9cd9723f7e8797c6dff2ee414b,
67dcfb3b92423b5f940e37bea1520751,
bb9b5158422a3503bf59971f08a828eb,
b0f168d4cf5630aa88988012430f73f7,
2d8dd63e957d3e099665b45557ab7a7b,
1897a249c50138db828135bdfc256bd5,
182754619ff431e0be61f7df19bc30b2,
4f963eb2b3d13be38988930f1f34cd4d,
c8bd59a17e0939cca96752233ae67e0a,
45c4df04fff0302caccf73afced0bccc,
f1fafa4ecf813345a7f3a29334213aa5,
4c86a87e8b7d31769abb027566ab6103,
74995f650b1b37e0a9f8a8ef40ffba53,
85debc53484239ea9622459d4b2585e7,
72c40bb9cc2f3f80b089796f1a524034,
d458e68f342d39c7a025a5d66cd7be35,
d2f1e53a45813525baddd49f520d6486,
b9f91e5b0aa23192995e1553f97b9e3b,
09a362acb1c13d56b3e370e2239e9634,
6567067969cb340b90652dfd0882bb3d,
4d32787a98ed3576967ce90775561a2c,
5fb27d55bcf03988ae11f92a1eb90a81,
7b71f8a692ce33e29c51571c9acca56c,
5bb071e6a6983ef8a27ee5005395dc61,
85deeef7538b33e8ae070a167f906425,
4df0202da7eb3531ad7040ad896f2461,
fec5a95e67663e86bd330dbe096da050,
c0fb419ad0e13de89462fe36c23e89d1,
a4225bbaf20a358b8d3dcb179419c97b,
1a10c6b7e29e337cb0d6c7898f2b6418,
1a5dc31a6bf6321e9507d6f37bf4b0e5,
51a23080aab43eb0bc4518ef8e404f70,
6e39ff02a43f3294bfbc54aed61431c4,
aca94829bbd439978bf3ef3248e5ccea,
b5c11c0b547b39fbb1fee7924c5d7ca9,
523fdb5e8187311a869a7935ec08e332,
56022045647e3d4497b0c7d9d22c68a3,
e33691baabc134a1aa7d4550bbfcdf62,
50114af696a3388d99542f48fca7d636,
312acab733e437f08df3620675b34dfc,
722d91f09aed3ffea4f81ba3f3baddf1,
c49ee4bd424a3082a8c00f2d8fa0cdb5,
f94d45f56eaa3b9baacb5ddb05fdfb15,
10f5a3ee19d030369c322c8e44dc1ea1,
9c86484c54cd3b5e91297ad2853c497d,
9441501df633365a89559df443edc762,
3b7d03f0e0673d7284f4e410ac36ef57,
babcf521b028305bb2fa179ffcc14015,
7fcb8917c7133eb8a58c6a001e0776c5,
ec3a0952ced2392aba0eafd9c52d7648,
cb7ebebec9bd3961a9fe54e647c8cbf6,
726478e7324e3b3c8a281a8c202313df,
013343b379c33361bb2e438f8139b9b9,
e008cecef0763c1bb60c135a91e71cb2,
7bbf279472fc39988c4e5368e2112d0d,
a13b6160bd233710a15041d800dd30b4,
4d821e59eec03f37ac8a3d4541424cba,
4b9336528e883995ac87ce2bdcfcf248,
998e4f0f943731b995d4e0b0e80cb24c,
e3ce2b56013432088f3ab0db89c54b68,
5ae5c3c08ced36ae8b942a9c848a58f6,
2db4c74d97e83a26b08c149882c07791,
250ae09b7a50307084477474d4069ec1,
32537f4269be368ba9079d7d2ba01953,
66fecb3a09ca355da3017b4370fbd23c,
a894d691b9f23e8d8176e185d25bb40b,
513d62eba42f3e29a436edbbe26268b3,
936530b23d193a799ba588d720f34649,
005d9833c39837a0abea02980a4536b9,
fda91c8dd1863b9ab85720a959207684,
111b2e08c70736019773eba39ab73b39,
a314c13899933e01845cf874da8b03b6,
4394b425cef33bd48be8e056a90a146d,
96048d2328dc3c1ba9c47bd589052fa2,
f0d99220c942391e8078f0b5a19fd9c5,
fa8308d52f2a3cc39d3a8675c7da40c1,
d1ee641760db3a7696731cf6bdaeecfe,
b62ba414eaa037d0a7f8e609b30d7ad2,
ac3d7c776a3c381ea43fcd0b681de9bc,
d60c0f36020735068b9bf92289207069,
e301d1c2498d343d9e6e0c99568207ea,
353bca8a292536e2b9f4d60ff2ab96be,
7554550d09f73cffb77134fca81ce2d1,
b067242ecda63b829cac3e14c4e5d320,
0933f4ca5723320fa29e27e44f48e3fe,
d021682057f33d6cbff2bbea3a7d7c5e,
bc3d42022c5f31ffa1d63f967492f4c2,
8113d9a0f0b73134836f00aa2d439de7,
edc5e6f42f7532fc8087c9e518b45be1,
bc468b02e0043de4accb4e3b8768a45f,
84f701f6e86c3df4839161e91f474625,
a1b3ba51351f3279b2bd0ac8709d6fb7,
5ff152b08e5d38a2a244b37fdf424fb9,
3f4e6f21c3db3028855657e5a56acf11,
6c4500b415633dd2bc03f19bd82a4557,
bbe99558d5e935da92c941b46ae91ea7,
d4d40530e3133858a6778f0369dd1c27,
5f62698e46ca317f921b29eaadf24f7c,
0e36406a334a30bdacc399babb1afdaa,
06d7f4f5d78a3cc28c288f3effdd28b4,
1ffeac1322ee376f819ddca5810a1577,
302d65d88ea83cdfbb8efa90169a0c4c,
cb7976576b1b39ac8abcf647f0554aa1,
b40e3e9b3e583b9e92ee597b4c87e1ba,
f30706959a9032febc968a093d832cbd,
2d0ecdfbfe06327f97733c9a52e23cfd,
e0331025385f33688c859d68ac1b11ed,
9b7487cfcfe5340688eae292d9e3b43a,
65fd9871087139a2af30ae16dbe9fa1c,
b7582d049aed3f85bb1433162a6bd8f0,
bc9c75c9f9533fb293c3a6cf0c375052,
f0f9dd0ac0e53880bb3dd094dac3d265,
bb47ba639b713070a7aafca52997c1c4,
1e3f94deb1473833b8a3edffdd53d122,
d888436f9b4a3883a7fd703d295c6fd8,
abcf75a5626636aa8bd7b000e901b674,
d352248d108637d78f2727fece610207,
02843f8ed78533009b5f07d70e5c12bf,
77838f10247433aa8dd86686a7315b20,
aac9163309e93e3aaafadce53089e660,
6279432b8a583663b5459ce28b73dd1d,
b2d103332b4d3955b2902c25cc86b90a,
f9093b5395643ffeb561d574137a5716,
ebff2048ccc33c36996bb4a8786179ce,
5c22f561c59c381d86b48e6d20fc957e,
9ed86cddd042333cab639a563fe4ccd3,
4cf8584b7ed438cea8d3f02d80b115dc,
b7f77865b1a1349bbf74cc7ebe8907fb,
2d9af2faf86a3f7b9bed6336dfce731b,
f6b8041a218e31a2b42dd2de747b4377,
4819ad6692883440b85fb2df46bd021d,
469ba86fa5bb340b8d90cb12891a578b,
29f85a9b9ee6313290343fbedf04d641,
2868936e5fd13211944cedc4a77853c0,
47f3ba3b6c1b3d66ba99742a950b0e70,
f3843f5719b43e86a1cbd0550f85e38e,
79a79b184a24375ab800327872ca8c76,
92f67ff3ee6538558fd1efbe75be7746,
3db04c5551cc38c79fa9861c5f28d524,
6d2b2fbf3cf83c68bf773679c54fb8a0,
0dc2295b5e443a9e8d6b9200515298e6,
3d234b888d6f319a91eaedb6059fc825,
3ae342cdd77d39b2b8f4062653abd151,
2b44f3c660fb34098380efb39967b93a,
ab9d601b786d370c9b55282ac3fefb36,
372038494e3e39c29031e1d5dcb76654,
238c5900b09e3ab08511af558d9bf1b7,
b31dcd4f964d38a88b2d49a120f7edb8,
48f4f36bb01531379b6e351bb175c7f7,
f1590d9e58e83b59869f7bfd1f0343d0,
62a5266cf19d3d7ab412c40dbd8329fb,
9c45c2f117613daaad311ff8703ae846,
1e46afa261763cd397503015846723df,
7a5deb465bcb3b769988c36642c99818,
0f268c4b5d403cf3aab341e5983a2bb0,
2ac5b938818e34948f77c7709fd53f59,
506f0234c1ff385f931c444bc629437c,
395fc7e98aa23a35a3f4d4bdd52adb32,
ea9a1e77e5323483a8c7613b61c7c4ed,
a5b0c517a8e73e578fcea7c4bd69cdc9,
8762be68de95391a94a0c5fd0446e037,
82c2a95b8c713f42a626d2041e798654,
bee06be368753ea5ae8650d9b2fca6ed,
2b7cdb56f9b836abbab747775281a921,
e18d970f92233ad78b69262be565a45c,
3e9d3ce4caf23ac389d794505dec3fcf,
a51fe69527173e118b8da7396afab713,
b89c56110b9e30be98c0b2dc103d3d66,
78185076f4d13b26ac4f026b8fbb3a91,
818a5c78c9ad33aa855464f18d0d309b,
79dc63b6319b31c58f8149ab0d1bade2,
a37899df5ad9344abc9aa1bf2e1db8f7,
a9fd268dd0a73170baf63eb424f7840b,
0f74416a6227337bb19fc8f36c19fab0,
e5f17e486f473653b786f530f66d2c34,
738ccb8cf53e308e962ae18c1edf24b6,
c9bbdd98048a330983808e8784a7c47b,
474e1e0ad8bc3a37b9ecdc9b4a2da3c0,
ec435a67fda4387189810f4fa708f6fb,
ec0fc40930923a18af7b2b14a6a9f07b,
ed9761187a0f338b9ad29a738e288dcc,
c26f61c510c13c799d0625a213e5a053,
8708f01002463a8caab35d6fce2aa48a,
9aa60ca7ac0b3372bb83033e49dcec39,
115ff52fd6053b4b98fec0ea57f4930c,
07871090da3b307a94fc09a0f3904342,
782d1915c97336fb828354a046c5f210,
f4466ebebb5b315c9c5a429cff205dec,
f80bcd7459193d60996c770d49351f43,
3cce14c8a4ce3cc596f103e9a5e8fe6d,
68b340c22012378d8d6ee7c10552cc02,
c1f4dd05f4503d919c121fe06171a5b2,
53321a93777a3a9fa20e6e4d51d108e1,
82208e2b9b88331dae5658057a2b0ec4,
1ec9829ef59634728c02556cba07b621,
e5f340f1c92434a1bc3d385a5d421618,
9203f7c3babd382aacc3d5def40daba0,
e755fe9f36613c24b4a7a53a65b5773b,
181b7f32de613dd58f5568ceda2eb4cb,
32cf07943fcd31edbda69756adeb8f98,
28c866876ca73ba5a078a4f4b2d90397,
58f1cd3122fb32bd91f8ed07087e08f8,
2eee28acac4f378f8dab5736edf6fdde,
8f7fabf5242d325c991880db24cd2cf3,
3de1c05b1eb33a378bb480eeff959a10,
2f834a25d46130cba1b6c0693e16f737,
e9cfcc0294f03c63bb480e09a257edc5,
72f6cfcec761332eaaad7112fbae2414,
a62a0c84d4ea3773b25574f714f0402e,
ed0221e8ac7d393b821d25183567885b,
ad7cecd0772737eb9ef0809cfcd566cd,
402685f2564e32e1a4feb6fcf5b3d7d6,
d8aeb465a9303100b6c6420a14e885ba,
ee355a90a35337c8b593e50c898734ec,
f330bcbe67403784b36a2fab36d1be8b,
641babea2bec3846bacd63a90917afe3,
423a75463d183730a01cc813e69bba83,
5dbafd592fa231d3b93f475a0f7c401c,
3793bd124b8335638388fbffd95d47ff,
c5e45264191c3aa7a6b45a8c8e5a4c63,
4875f680513233acb5260ca6b988a791,
dc4204492a413b26922902b198bb27a6,
f2543fb111673e82be5bdfc71f11321a,
60d0c36f1491357c89ae87b4b897d7ec,
3aa75bb99610366cb704225933ca6a2a,
309d838c7ce630d5aa264f6c811676e2,
d1c72756aaec3470a2f297415f44d72f,
682dd4940d4634c9b4f816a923b380ed,
881430b68d283175b87de81f2f5978c6,
fdea4e44ab68365cacf14c01a8c5f679,
46281654feaa3d6789bfe037e148a78f,
a1cad14bf76b314a9259a3727a5f9479,
3718f99b201833c9b3842a6d7f59a321,
859299d04e81348184083a7a4d220f2e,
7b821b85ce2e31e3a675358c246f5e13,
d2a8ed5ebf373f67979bbcd51e7cb27d,
f745f2cf306236eebbb305b8ee111296,
d026bda71761351ca092d79a437a7d95,
0958a93211b43933ac5f3f595ad52bcf,
f6443cea420f3caab7d818a5b6c0482c,
47231bc05d0835a4ae7a24998a0941a7,
fab9538292fa34cd994ad9a86b6508a9,
24843c1cf7dc32d1856931f47a3f7d03,
5dec5b05e4f63250a462557f21b8f9a2,
3ff5f4b2708a39258ff17353aca1c0e9,
373b2849b1dc3540bf832830d984ead1,
8768efcc3c113bdca29d3f70a87a8c3c,
11c8ff303a7d354780a7d61b8abeeda8,
83a5a68dbb343a0eb7835fd2dba7e275,
baefb9690a8934f48b98f468e168d7dd,
9359b804ec26334f99408d6e6e872bab,
0aaea9929fe33fc394c0a9e225096b7a,
0ff9baa38779335eb19e903224de20bb,
04e5e75738de39eca0fb0b84f7ec0f35,
220bf74879a1376ca7719fb50f8d4921,
3e8e94d92db9329d91fb8243b18565f0,
cb1d104130d733bb9626d4927bc3ccd4,
a547f0cf8ae13ac1bfe1f81ef2806f8a,
7931f12c1a5a37d0a3a3b5f240329a00,
6d969271c05a368f9ac0bd4222ea1d3c,
7912be1e4562373b92e23d6d2123bc8e,
d06fc0c195ec31409ebd8b454691bde1,
47074ec5d71b3f7caaaebccdb1312324,
73db2faa9d4338ae8840eaed0ad9f79a,
2a0da75f40403ca09f2b8970a3e50cc2,
3146a714927937138077aba3761b33f1,
4e39c32293bd38f1867c90998df4aa21,
a1731ea81a25367aace8892e384c3419,
72e92ddabaff3542b2d35df98091dda1,
d6ff7451147f3657831a246df9f7b166,
e1a1da82e0b13cd49cba2d1c215ecf58,
795464fb43b435159bf892eec500ff7a,
abb4ff9bb63c3d04a152adb540a591b8,
a94393fc03833dafb3910a1df9463718,
d19dff9db6063606aca0dc0af42913b3,
c8d6b890ea763ff59aaa4b054217c82b,
eedc91671adf312ca156712dd48698b1,
f60569eaa9b73a248eb2f45a23ea25e9,
8af9221b63b536ecad5a3a9da6e49393,
9ae12ea75f283ae197e8d1fde5a0401a,
79b2ff0d206f363ab35aed43893ab283,
414f2436a1e33edf910ca5a8b7dab1bd,
35fb9d63852f3fb6915fc4bc27128475,
c58f9af4f5433ca383a15d5aec0dccc6,
85e61b49e47b37ab8a24de471ca657ef,
db6e80839cc730148433cbc160360793,
f44fb7c7b6a133e692bdd763586833c0,
3e77c7d54efe33128e241e6b4633a1b8,
a4315412f6a53b0284a4bf64400919ba,
b5557b709bc833e1b091102dc9240110,
33afd887b56e3bfa8a6a890c22c8056c,
111fbe3235503e8ebb72dd20c62128ba,
369b3d721e093f31b236715ac8dd99b7,
5f6982ce00493346b2861a1b1076f795,
b34f90ca979a3776891363577f0a957e,
d06a25e1b04330458d1581f94bdedec7,
e89b6d7792413c839bd8df951e27fdc2,
7837dd7f60db351aa65d981f27786000,
35e9a8e2e180309db989236a05a16dbb,
e3c98b2725683b23bb4bf81ff39787e5,
160c6f703c3338b9aef85504b6c1eed6,
7ceb6e623c073ad086891eaf82077a60,
337d95408ce03b368c6f6721ebfbe818,
0a27f566259332b99659e18b7378fa17,
892058b7796033e69fa86ee1aa561baa,
d957b1d772ed3d8ba26990ba38a2ade5,
2407567598ae354e89ca0126a9ad36e3,
a65b38e0af1e3bda81f1b15180b0d8ef,
10146a8cffc535f3808ecb295857230b,
dc5cd59b8c0f35b3b0ed904b84cd108c,
58e870e12c103cdf924fc0c101382e1e,
0dfa7dca799a3fcbb1e25a6116a9632e,
ce241dd5bc663436822bdba2550361be,
faa51d8305663b5d9c94ee588908975b,
e5500c99ed39397690643a605acac4a0,
80dd8a877d753ec3a70165249a542f09,
e679915247e93394bd4d5c7ac2a564f9,
1dc940c48d80341a934c0e4ee9877ba9,
ee80d7955dce37fe905836ac553cabd7,
cb1c88ae64963d489965d93edca6e73a,
42d4889ae8cc34608e846f0fa22bf171,
8be02c6150093ac38a61bf51f5c17743,
b698e31c1ad23f5eb05ede4a52f57cfa,
7a969ab3057a3d699d09014496620b52,
63e0be2c9dcc3e06b92dc4d7d5cbaeb4,
4891a1c1db9e3b92b3bf339b7273d67c,
a0484dda0f9d38e0ad5ff88d2def3a4d,
5df57920566632379557491acc57ba8c,
6976182ee4eb3cb49a47eb4586d6552f,
07434013857335669a0931ab977a28b0,
a98a03272fc032238aa072eba53cd923,
dcc8fa952cb83e5d9cae0a17fe5ca83a,
7fb781babd363fcab166bb2a6a758c2a,
59f49ec8ae04359fa14b85b295d7fda0,
49ed321f18973e808730faf3d494b70b,
aa11eee1d67436d18a1961f87bd312bd,
7e7e30b504ce3215a9c73c9671766636,
df5f2afea86331c69fed5c7380f1ba08,
61d8e5b320153577be735a8cc39879c0,
af7fbf4be55e3f408c96e0f670dfeae8,
aae72b0ec17b3eeea4d1e6e8276ff381,
0d7863149e04371d85e592b13e3aa0b8,
99c9763de74332419789ead228f709b0,
e19426b52dba3cb7b116562b570f8267,
afd0b036625a3aa8b6399dc8c8fff0ff,
79562a52017039c9a2b09c6edef4abbc,
7c1aa4ccd1f6331681c6ef820bfdc348,
2e1e5512e61f33348334e56ab4c2805a,
80e4c2eef01435409be8dfed846f0f40,
bc7af3957ec231629597a11c108098a9,
94aae4ea80243c979db48e2e72bcb29b,
bd225c4d8fd83f628cb86fdd2ddbb7ba,
244205b697e5340d9101cc4c235b04f7,
59c14e46c52d3de3afa093b29deb2fda,
fec964bf7c363a14abd6693cc0ab96ec,
4897944f10a33b50b7ff89a98841536c,
73f24f5f51d03cb89268e86352c8a2c7,
a374e0d6a07635e5ab03787b5ad7757c,
cb2c7c0e75ce312ea7a72fe1aa88a991,
1abbcf96c67b31a2aab62ddf5f7b49a6,
a6a59520e8ec34218aa9c733f78a37b6,
85bf934b78ab34cb95d01cc4c4fc92a0,
ec19d188adc33738893a4479c92ad99f,
49fa4a1e21aa35499688f7c888b79a79,
db9c4c947015386898cd4e3f634864a2,
967b395749c23bbfa2f8ee47d588608f,
42f4b1634c4d3a1f9ff6942b0d8c7fa3,
76bb389d40e23a3798fa83387f3ab610,
13f561d5c3033c07aea1fbb790ec5e4e,
910b798e2c673efcb13587f3acb30105,
251717e59c1c3be98fb08206d29a296f,
763af77dee443bbe9cb24f4754ff660b,
b1b9e56278e233c7bcdcf9b8c1d970f3,
12be34c7949533b5bf32302d0e621cf8,
45665cffd87b3860954f1142f275afa7,
8ee606d8dd21389ba2e69e110da821ce,
31a8ebd01c0e342ea670afa167241303,
9cc564df6bcd3ae883a1e45a7d5c0465,
c6b6add2965d3895839714908b2d7a5e,
37e151122d3435a892703bef8e8de783,
c139ed4f317137498b8eeed3e170d5c1,
c9f2fe3a1c453ac7b7edb00e2172794d,
a23cdf2319273bed9dea4d79219a5de1,
cd1d19b2b67e34b1b1b6b9dd30c2105e,
baa9328176d836fe97a1270f74f42ff6,
0d8836a00cf43c64a9280b78c4d939bd,
2bd8b4c901af3cd0aced94ee6e2004b8,
308b66f6121935659970e7351b13bb34,
af87f96e9cc9350cb630698b4db35abc,
e76879a1a19c33adb800082cc4d26da8,
adc1049d9dc23bd786d9342a7aa05669,
31d71548dddc3642881dd2ef39a7af45,
86e7e4158637301c8aa07126ec4194d0,
45130e0f57a03b1293ece8c5b35f4439,
2e514b17ee74375b90083d719e0525c8,
1a3d7cd3029a32b5bfaf12aa624945b1,
571cfc80ccc13a5195e93a991b43dd6c,
de5e4780e2b933f386da3b2ccd48e096,
39dd0ed5a2a339debca6dbbbbd9aa26e,
5e6b3f8139483369b9dd2748b804c725,
60bc4e1ea2f33db5a491f1f2bbfb7250,
9237e46377593091ab1d0b10a7acf21a,
5fd7483178613578ae5616e49e149d46,
5487c24d5fa53b0880894e9ac76a09bc,
8b114a3420c43bc58171a4a1689912ca,
cdb41da64da534bfa99d3330b4ab44c1,
ce970a7428603a9cb14fc330d721173a,
bd84d73f93533684b3ab014395b7c156,
dd33185e4b163b1e9a1a7a401b0787f5,
d4aadf5c99bc3d3e81b36032180372b4,
504fd139763133f1ad010e069ff96bbd,
daf23e58a6993c34aca5645a819fb5c6,
8083e57b35ea39aea7deffea8771e5dd,
be6660e2b66e396a9502f93c4eb4509d,
b0ba1d3ccd393bc89e99025076b4e9f0,
4c7588144b083de89abaa82bb971aada,
ba5b72bb21bc30b28d9b8b8bfd836a36,
d84b2269ccf330afa93a2f57894e1195,
27d3ad17fcf1396ebc7a9bdd16c9fe16,
b6a14b21e73a3ce29076a804c434f5c6,
a4eb7bf950603243a93986296536299a,
7a47eb4590d536159f08309642fea2e5,
b6d988f614d038649b34dece82b353c8,
f884351e5a2b3a9b9e41f9e1a6b29841,
e8f4855e7902321ebf266d75c1ccddb3,
29568f39a0bb3d808b2344556cbab661,
ae459158ff463479bcd23049658953e0,
4ab97903fc3c3d529d6d14af4ee6c76b,
3dcd766864013269aa8d840ac2dcf4f2,
1b54b8f238923c45a0f1d645aa7177cb,
b58f28c3dd8c3fc6b3129cc5a3565c9d,
a90007f45ea436be95c0f1cafa325a62,
de5980d3a137373c850bca3e5f100779,
3135d236a724348cb6ff0341138d51c6,
1f2990eedc4d302790f0c22ce7426454,
6fa438e84d573b12aa41a980fd57d86e,
f9905afd09163954aff929db1c238176,
429476d29fb53054bf259cdb81058bfd,
1e562d3398dc32a2bad73e552779c8f3,
94cfe8d86ad63ab0beedfa80a3dd4e48,
9eeeab4cc6953043b0f53e13742ad6ac,
f3c4841a16bb3ca3bc1109a691bcd7ac,
d31809003a87347e8ffe1808bb5101ec,
858ed530be343a218d184e00039adfd2,
1d488d857d933037affc04d3c627689a,
88fe4069894b39b58e36763836f7d7a4,
7b96329578903de9becae4ec0c42874e,
69b3ba299b543828a65216674baac5d2,
b2544f2da5a339869020b4142b6a4429,
4334247897063f849bce3c5ebac38628,
3450dd15a8903fe1852679dbff51cf5a,
0ebe16c87f0b37638bc7d31210c24e17,
b2e18436c93b3f8a93a79762be9639c2,
8bb5da84439d384d91ba32b82f29ccc8,
c3ef89cd9b6e3147982d1349aae271b6,
42385e97ba2d3e21b7d36d95721bef31,
f02213f01f44381b938c39c599364b02,
9fcc87ddde653337bf6a174ce9427841,
8b34aab9fc5a3027bd9df873b779f311,
ade415363f343a6398cc82399ec749f2,
d0bcb465c2da3e4998129f3ccc000359,
76b248b99aab3a449875677bb5c01935,
4112267e56c333f59841ea752287743c,
673eb47383693904a9ff69d65346a316,
ce44786ffbbc31d580ed0230cf0b605b,
c59c4a546a3332bb8ee4e90e20150a1c,
48c6d5647c6c3899aea5a6c956fa60d0,
aec5a37ac3ee352e9506b00bf700d5c1,
e3e2c812445a3c4284f3faf4c062314b,
160536ffc0ce37b3815d18981655c7a7,
68bdca0ec2a13e27b3a6271243b47a72,
c899bebc61513db58f0e4b9f5a3a889f,
03856dbe7f713576b2ecff15e89cd770,
1805c09bed7a309d818c8e5a820189ea,
73efb6572e8a3af9ab49556478742990,
e7d297817a8137118995a503c6198683,
eaa22408f0393a62ac83485af264a7f6,
5c61ade59a503a82b9a89cf06c47ee80,
0b014fef3cb2328eba80924da2b6c8d0,
f98eb6d3c76330d4959b8734dcb009f6,
20fe02f0c3a833ff9eecf88b7e7ac8af,
61dd1871107737578094f17b1a9ca5aa,
6aa16719f5ff38de9ad13d7dc14c67b3,
8d610b7342fc3cf59f70172db7ed4a71,
7413992a73503859b61adda5048523bd,
743fa5f664ab32e6b5e74ba48bb2758d,
b8aebe6aec4036b998a4d6afeb6acc7f,
959b6dd6bb2b3026af239f71d45a7d85,
b8e56b9084963d7d940f3f2a6d61602a,
09b05f1b21c43f94a82a5f8fef894ca5,
5cdc216a35a13274b7c41c77b5ef30da,
9ede14132d9b3f58b9256753f7cac8e2,
190d7a781484313680a640f28852785c,
9468cfcc0bc539bb8bffdf3ca8aeed1e,
1c9933d6765c31c5b1209ce93be02c90,
3c4a6742ae9b3c4989f43e7c9665f057,
04f50f77f35e39db86effcb40787a4bb,
79a0dedaf2bf3a49a33757982bc47b32,
041492a381533362be2f7fbee65bd50a,
a91bce21b9a7392089b75c8b3ee0ad6f,
255ba7fb73b13540b7f480003c250969,
ef631e63bc813687ac9998def0ec9d6c,
7ca0eff61c7f3313940f6c6df0e71ded,
fa360da4366c3cb6b63bf87884b3742a,
faaf0ad7148c32df93d856584a77d0ba,
f294e348afcf345b842993511304c614,
a831c6bdecd534e28596ea40cc3ecb5e,
6038087aba823beebe7d56e000fbf292,
7cb036de46ed393ab50ce792710e1bce,
17b313b4e2723235b72ca780a4e05556,
48311a8d55483641b304a1d513439a7b,
58051379230438baa5af63a44d38ccd4,
e2fe0425721c30878ceab160bd057151,
0e64dcd13d5235f9a52067bf0302b708,
e615aa64a31b321daad0f30b68ec3eda,
0d971ddf04bc3dcc92e49ed9888d130d,
5ea1c21b23393f3195bb6063673f44b0,
9c30e70913a33a0c878fd20a8a18a150,
ef4490bbcf1b3c00b797c28cb2fa9c82,
00e4448cb6e13d269c932487c21abbb2,
14bcaa7fca3a39c3bd3fca2ce2dd6ddc,
367fbe5af0253a9793331831920e6ede,
030d2cdc335e3a1d87c0b59c368531b6,
3e1597250be8371296e1ffc1cf122fc2,
9bfbc46e16e1385a91148479fc8f7d94,
9da933bc36a43495aee4dc129b67ad5e,
50f92eda83d23112b472585d33cd6df1,
090c9c79d4d631f4b42c60f659062a60,
b276169758e9387ba26a6808e303241f,
6f5b58746dde36008e9d37fa2b27b0c6,
a02b2ed1249b3217abbad5f71289d18a,
4280b6df94c03a2586c209f15aa2bebe,
606158a843b133a6a61328374e945b2d,
5087c0e8a8b63ce09f55efbf8844df9f,
1e9fb63ed0ce30bda108af1ac1cf6bb9,
dc7a247b984131408e41ddc182c693c5,
4c83dce5f6543441be3377c7822e9289,
967c0aaea01f3f5e876b9aceb8cb5397,
26a50a9343e4377f89efbfe76653dd3f,
795d46141d063bebb5ad3677265dabf3,
1f91641a9acf3f96addd7f60b5e7162a,
1ce799bcb51f31a4a93dcb7e97db32e3,
a522662e762632c8a0e13b9366690c17,
164719d60bc93fb5a716ebc3bc94f6ad,
21daecc1a9e13e889d2325112006be82,
98eb46fa0fcb3c54a1136afe708031f2,
12fbce07750e38f3af8ffcf972719c0c,
fbde6827b4e83853acf3261e099bc70f,
6a463330342f31cf93fd18b6d5f7228b,
75aad3cbe0a4360ca4cfb5f0fa4a5807,
226d99fa79dc3c94819b1bbfa5f49314,
9c448aa96a203f09af643c5ffd03cc00,
4e69cccef242355189c1a1c45ce6facc,
27633695d603391fa0c3ae2a069976bc,
4d3594b7ebf739048f017eaafa59d5eb,
021c098c7a2e3fdb909a625b7b14a69e,
d245d90a07b53f4480c7be5449de2744,
fd4467f0e42d36e1b1f60938db4642bc,
741c9be7c3cf344b8c4c1985cd7b92fe,
133b3acaebfb3f29891b0b7dda2e4f42,
136f2bdeb0643a97a7f3090096e86e6c,
63a5fc03e21c369a836330c191c03229,
2c3afe5acb583ffa84df7019702b473a,
e9ae6f22c9593009833926f5342759a6,
b3cc8c7b838e32ca8e0765893cb8c064,
41cd8def99ab324ea56c500b8451d717,
f6f26aca67aa39d0a33aa0b175275b68,
d3fbde021b91371cb8aac72e1b4e5805,
0bbf35a0eca33103b70e139d249db6d3,
0edc82274e4b300ebd688dacddd38ddf,
5aab6e0cb7d3379c92e32bfbb5572511,
6e8d4b8b0fe63cb689bf97c877f6672f,
3cf4f7fd7de136078bff398c7315982c,
1a457d3a71013e888dca1027bc8310c6,
80718b9776073ba3889d3908bf36fe2a,
7a7d9b2dfcb732b6ac8ad9ec046f6ad0,
612363216b5a3e658b5040e6a4986ece,
323406657afa32d7bd22b75639217fe1,
f4608d7d0bc4324fac1031e84f76e4a7,
64347f476c5a3c5b8e7b3edfa89f7b36,
ef3a8affce2c3e73b2c13377f160c263,
f957050e773334a8bfd45bb3b2f9a58a,
2c269ea4dbfd32dd9bd7a5c22677d18b,
a1ca6c1e6363339db9b3bcb087a1a6cc,
03454709665137729fc74a4de3c7d457,
c9694165ba7830e7b93dc9d2eb17a89d,
9b0a3775d3633f2aa6b77d43988f4f6b,
83025e89b1d13a6d9f5beed0eab253ad,
3b7726d9d14b31a6b31983a4fe555285,
5af8335e8de532b787d12981c2fcb5ac,
5dc2def5eb7a3d89a4219297c5ac2a8a,
82c32180a62a314386e371ddebab8f27,
2609d9089a203ecbb06f7e1e62e691da,
d5f3e89f329d3b6abe06a1f32f1ef961,
183c5534119d3f3b967df53687203a3c,
22ffd7508e783ce594902946ecf74534,
1052c6fc101f3f5591739c6ea504e86b,
b5a8acdf8a973bf4abd11b39a855e689,
861845ac1fb43aeaa70147f3db1f82e8,
5c60795d7fd3357c9cf79ab00a1f5456,
9d5e5dc28c3d34f8864d3c8ca6d7b1fd,
a6dd561ae7293f3ab70e9d3d4463ce41,
2fe51fc6e5443e8e8374490be35a2720,
856bf588342e318793b9fe338f3a6bf3,
f6379ed0bd8a3fe19abc89ff62d87cca,
f5d68a5456b1357bb4d57b6688af5a73,
072cecbeca773c049e0cee061308c5d0,
a152aa28e36a36b8a3f3bdb2f7d0cfe5,
eed73308fc49305fbbcca169501564f7,
982a867fbb043a6b85edf3fd4f5584f6,
fd5af2709e7938bda5420984726db637,
2526fec9529a32c6beb86970d8be40be,
647995172cfe3cadac363f0d52e66354,
1cca2b516c6e3001941db985c78e726c,
b81941145f2a367497271f419d9d3353,
4b5cc0ff83253a6e8800c61dcf4febe0,
586e970503ed3563b84aef454f396ecf,
db8efed357f03d9ea479eec006d6e786,
c69200d1d7dc3705aa6fc5851b69bc38,
438ee5bf47683f0ba2ed06884ba60aca,
e9b42821e1c334a2bc1c8283f7f05430,
bcc82cbb260b3c538556e36f3d72e67b,
4bdc018096a43208926050aeb84e37d1,
8f5a8d52eb17328aa51e28965827ae1b,
cefade9a44743b19816665538b01419c,
d29cb6f8f026302bb3a6954bcf179dac,
a6e2491ad7a731afb025ed4cdf5cf9bf,
b35bf6d9e7063c73aa7407680544b657,
df64fb14637635818539725667571106,
9c21670a58fd3fe6a1478e5c835cc493,
da062eff96a63540b5ca493000b42cb0,
03a07e6a659839c6a5a1b8884fd75f45,
115bb0612af03cf1aa4afee4325e83e5,
7345b092996637f28aa3a11f3723c4d1,
48a72819c58a36fe914f16e49db6f507,
20aa54d17ee6352888b8e4599f112434,
7cf1cb778dd13c92a4b327765c013281,
8b00a2fda5463260ab36f3a122062514,
45d515f37ae03424b2c89127ab1b1ffe,
f2c2efde2ec433689a5814e0d4398d89,
5976f69439903629afdaeddf6fbf84e7,
7cfc8cd2ad7534c0839382dd79ad12c9,
3e5dacbd76aa39e2b72559d24e0102a3,
a5f915ebd1283ad8a2669e2851f6564a,
cf7ec43af75c368dbfeff585eaacdd41,
6034b401169b34a6b65dfb016b61d5cd,
de9081a582643a3bba4fc10ae81255f9,
83d265f253af3cc592126a64ae3dfd5f,
52994af19044351a99dc5fa255239eb3,
f4464a9cbbc63c0fa3703004de791ded,
51613145047532ca9cf85d99023a5286,
800bbca0b70a3fe898812388656fc0a5,
ddcfb9b3e99039859021546a2711e7e5,
b081646ef60d3492b9fe21e37b55a8d1,
50683d5cd5243dc588b767954db6762c,
2690978dc58c33d79268a0fbdfdf3003,
eff8135c4a033596893f8542dbaec91c,
4e73ced5adab395cbaee13c3a865eacf,
fa7da754036939f891625f7e78752dd4,
2f507733fbd633cd8fba0597e5392e7f,
c423f25ff5c03a45ba06b1bc2107960f,
8252b0be4aea3452b0e21e6132a26675,
da9096ebeecd39db9d711fe6a1d3a000,
400a438ac83030729b3415ceb11c6440,
d087099bc44a30a6b8eb1d54eb19dc6b,
ed39009c3bf23cbda2d609f3ce0e0008,
5a68e9f2b8fd376bad65bb7941cda9ee,
39bb1cdc5a5d3ab0b53cdd3bd10d160b,
988a6202f29e3c40b2c1210da339e823,
96c36c0dba553a3f9f12c1e287f0bc15,
7b52ed50c4733a5d8ca37b64eb509618,
501d08f46c8a3053ad8a94536ad52678,
0042b01d95bd343fbd9f3186bfd63508,
a3d7a479f0523842a11002a65d85fc93,
7a3febe03fcc3a28bdabc29438888d12,
1a72cd9fa7ae34f7979be29bc3d5a466,
f012cf68530d3e45a748ec4b285a1852,
2b915ee417c63f72ac9d9f075cd4b947,
2b5c7119827734aeba617600af0e7b34,
8010ea7656c237ecb1c7811ab9f00717,
7a477f7c3e5036709f6edf75cd3f9d25,
0282d30ed3d434b78fcb10fa352dfeff,
f450b2b1b8593fe49a092c41061c3bc3,
4d04436cdf813a65b8df2a89abc6fa6f,
87f0018440cb3e51a7daf12a55509b71,
214bc81782d631da9357766e61b07bf7,
2a5b85fdd69f325c8069224777ae77e9,
08f8abb786a3309dbc59567a91af6292,
62ee0a3b6bd6358186029b7fa0be0ea3,
361173e91c6433a0963ff4b9d0754a13,
650d25bdcf2b37a58416514479b0d504,
ebe528acea3d3e91b269aa2bcbe9326c,
a240febd08ed3648bf5fac26d68ffe9c,
471d84287bc5390394005328e3c4f030,
3147e09741c1327b8ddd8fc15505c134,
b6ea5d996e953faaab306e84dff7fee5,
a30419c9fc1b37f29d0ea3bf8256d8cf,
ea1f61546f4b3e11bbc28232a68a9914,
faff6ee45150319d87a21ab6272c83fa,
eac15762b7f237bbae48f7ce968df748,
16f97cb5a03233aead5048d8898403f8,
a9179fed578f3998b0ac4a5b3d992361,
56cbab91465c3c048878d716aec7b6d6,
078ef1e605bd3e5385a684142bfa5009,
a39fbe3466633c479c2e1875cf868d88,
d68fa2d4adc93b20ac7742585cd1d59f,
a9cf05b979b934d79a9bd9854ec2c047,
6dda8d0395d8388d93573158ad3b67f5,
426084451d3b34a49db3f31bbf2101bb,
e01a16ec0ac030cf9fa3959af45260a1,
7586bfedb8b83bb39c9509a4a79dc0f7,
38969f2733d033bda452724ee0763a15,
a832c90588393ab18b15a81b025a7bfd,
40ae52b5061e3cec975a9241e5acc854,
8c9106d93e523660bc46ee33e04736ed,
8b680277562532b1acfee8b2f45842ab,
db9f4b2f8fe2384a852285e2d1a4c5c5,
1d0b4325c1e63146a6547579c6efe479,
262cb75aec2d3868b02ddd0c31f38603,
d43a6d5fb1ff37d39fef4f99fbef27c3,
9de325b94d8c3373a7912fa3cb412b3f,
e0ebeb750c153a509d74cb9282ca3bbc,
1fcc9d0ad5643759844f0420fc94261d,
7b8050ae674b3ffc85629a80d9adeb48,
e872ca1e0db232cbbcca36cb82a49704,
9d4da2dd0a723c85ae91b3bd85347292,
b33f43655e50377f89f49b6cb4bce5b2,
b45703363b2934328014a98920f096e6,
2b233aa4d02d3b16a4fffc44606ec6ae,
38ec5ad1c00f3fa3b552691417c4e785,
2801831012ab3e5388496a5df27fb41e,
def6fd86e54c30adae516f35184d0127,
391569027e9838029fffe24d355422e5,
e93ad94c212535df9350b445b7c8d0ba,
2cd8dab045d535189fecf3c7692cd856,
8dcb6d531ac738a7ba2ff902e715d64b,
171fb09498cd39f6988de632ebc19e93,
b609d3ac0e133c6e9946d40094483ce3,
557d628ea8e039c598c53c8dc1fd1238,
de9502bf89e236d69b805cdb97fdb540,
14c95783c10f38299e7b465832088b3c,
9ee7249159c4333cbb93fe733a842fdb,
8ab5a6cdba663d96a141d33e2a568658,
7bfbff17c6323715bac46a463bf86976,
006be06681c43e8dbb3a1ad994c82e5d,
c295b36d55963b3c95e85e8f1a660a8c,
32995f02c2b1357db54d42f594393e89,
800e59a7dd0f31148e58ab7e213895ca,
7a483952e1923ca8af424a5965c6044b,
f6ea1e1a821e37ca9f5b3d157906298d,
acf26918f24e30df91d5b1a0d2da4856,
3b31081fc36e3ff09f2a2ca84a1908d2,
813a715f63193555851c5addb13e17e3,
52c235f48a51325fb25244034343600d,
5071e84e6c6638008ae5004a8059ab42,
988bb8c7c6803901b0c379a3c1484d05,
ec8db2d608b83052b34a74ad2dcdc0ad,
428855eff61c371bae39ff2b779c395d,
68ef51ecee5431e481294f6ee3d12d0c,
0b781fc2f3f03886b4617d2dee02afbf,
4f8d0058b9f7338784139c7d6767fb0e,
f68db4a9cdef378494e5b3414842cfba,
cbbd898c9bba3d1c8b0bf28215311342,
0cce9f40c9c13707af6d44f2619fe501,
4acbfe802d3737ba82b6874a72900b49,
d4a7ddcd57b13242a398436ce8b735fa,
0978bb2be2b53d7fa6b0811687caf972,
565743ad7e8839f8ab2e89f9a4ae938c,
76c6307dbd9d3afe80bc7601b17b494f,
b1b3ed22f94b3f769071b932b40239b8,
913ae5b5702f3ade94a56e159fc1ceb3,
4dfc6b14721333638009b23c56e3a1b1,
b832296378d03c0aab905a4dc9a362cf,
8a7592a01ca93b95a688f63349b01a01,
7f83eae587fc3d02825ee3f5d19995c0,
0e8197ab7c913006bda940d0f73ca382,
b48a76e90afe36ed8ad8d23dd2f71b6a,
9e801b5e04313859b6b028dd9a0bf171,
9b85fe51ae7c3381bf08d7d5ae25a209,
154c52dddabc3ced88f8003c471b05af,
7aec2f01586e3d53b8f36cf7e6b649a4,
bb1e64688af73182a5d98dd9efe1b76f,
614a5c04f16731ad9a544dbc1de47c83,
6c6d3cfec8953442837a225ff4e87e09,
ef8b931b9ddd3932a66ed9ccf7f6f1e5,
d5bd5e3f97173804877b74c37b9b0f83,
bc0f4fa669b8360ab36842804de6f801,
7bd3b2a1057c30cdb856686a6db1cb08,
7b0b6c9f183b3ee59c8fa147102960e1,
928840c8e9483d14be72483fa60b182b,
45e7598fe9d335509aef141cdaac5378,
7eb047883a9b396fbe8355bac5177c59,
7778e6435702355aba097edb098f8f46,
fa9c4770d7623945bce02832498f5508,
d2b8022302a13ae38ae0301bca3b098d,
cba187f08925389a9d6a5b08101e3599,
cdaeac195fd1361c9bcecefbaf1bce7b,
cbea30a4a5d0327789ba8132692d7af9,
ecfec5aaa2473b06af422d94711fc093,
52ae957e871e31a7abe1393cc71789c8,
a8eda00709263c9bb3502b74cbe2d0da,
27e6eedaacd53e82b9d15647335db7e7,
b786e9736208346494e850370643a8e5,
390c9a2c207236008d2cc2e46b3d90f8,
395a421dd89c30e9aa5f46251e5814dc,
53fd95d1589238eebe3ba4e4a85845a0,
5a01ae26cee738f38eaf05120972d205,
8b35a19adae53535b6c2cc7e23b42d73,
b8fe3b2004153134b204fe7ab7ae4ac0,
32baaede314e36daaa3cdc8d39b33c89,
3aac9a76e83f3b61bc2473280a3ef88d,
1e6471368a833b7d8ee99a541071e1d2,
9717aac435543910b27f19ecad5fa334,
bd96a8be90fa3ddba6b1047ecb7d8df8,
c2a2f19ca52831348e1526af0c4d4af5,
7ca4ef3a19903308a0ca1a96770b00ba,
76fcf37b364e39b19a26ea95f8060aa1,
30915a5bdefe3ede8c37476c6f9730bd,
5100063187543955a306a2b5046103ec,
e5383cea234c3bdfa80f53e1d0f837c3,
8a46ebbcefca3f23a05f878bda7aebe3,
ae6af86d924931799a404d7c4a7718d4,
a627d6a4394a33f5b68e22bfb6488d01,
eedce6cf9b1a3eaf9b7a1ff04c62d8cc,
4f443571e1de30eb8f63c89b8e4dd98d,
f422abc39fa63762aeded69bd4b5d9ea,
7c2c49bf7daf330598c4336d63085917,
9bb9507bb0903f75821d3c02d823fe8f,
591a6b78ac9d356d83bcee722228eb87,
01edc1ab446532fc924ab6111efbbb45,
2af6a9d10ae43512ad1775560717931a,
ae6a9a914ff2312eb1055e02db884ff1,
e2f7135e1e9c3e639af579f452beaabc,
d7b33d0dccb63db39d3d9bdafb450645,
924d25a46be53072a236046002bf2ef4,
758fa2fb6b603b79a2537893f01fc27d,
3fd0c6f8d62e3eaab5e56307f73c3602,
a350212e01ee3e449e00946deec74eb0,
5adc54836c2a3f708ed0d1cca43e1ca2,
bc05cb0a24e13ee0983268f99e9d1891,
ecb4d2790c223a58ba6886bbf6d7cd8f,
da69e6de9f713a8c94de0eb3160686ab,
9a0cb4f22d7a354b87c297cf69c6ddb6,
4f683f9320443a0ab6304da40348da54,
9d70851dd6e53d35b17884363baf4602,
ec4ee0ef3c4534e3947c34e1d7098393,
407a86dff31a3073a569185b7abdb766,
f20666171a0a30a1b1a164086659d17d,
af9954ef6dc0306cba37beb93a2d60f0,
642d616eac9839ec9676f6349755b86a,
46f824f0e39a3040ba2c80e8cea110bc,
52f0c4f198573e29af0a3dea4b139eb3,
a035b0a39d963d9f8665f73c68d3e667,
b5291142fb0033aba37831e003fe7f18,
fc1e344cec9d3c59a1d7c9559e02b206,
d256855493ec30c79e15f383be19e5bb,
1bd30fa3119231b088fd743568b071f4,
a9491e6426c33ae3ac46e2663224d33b,
39edc487a6983e6dbb141d8da6797642,
32a4b6bbb05f37ef96e9eae7d5794e78,
323d0852f97d3694815fb955cfb25df2,
d8ece0f810a43c62b8a32e636a3a0509,
ac314b53f7d63143ab3ecb403240851b,
3bace49f913c304fa71be279b31577e5,
a7398ff6934b354b96512357e5301bfc,
ff704a0a74573454b037890b9cebb6df,
152eee4976ea37d2a521ab5ac6bdb699,
39f54989e563397c92b95518de9ab1c2,
dc0d972a616d3d7b8e17bc6d76b594ec,
4bd0fad948ec3ecca2ce1fafdaf23c55,
dcbc40c0cc0a30318c817bd3ca40e251,
f825e6f061d23c2abc8d8e892140e706,
fc7e184a80943bb59c019b30b6720c3f,
e7022bd2776939d993595b6145e0975f,
be23f794268a31e0afda9ba8b1fde3c7,
ae9cb4bc0d9f3c75bdccdf8623d27065,
22e3281a3c673c21b99c448a32f6249d,
0b111389746d3786965c76ba25f7164c,
586084c6c15036f7b6cd05ffff46687e,
06ffc94116d93e10aa308a8d924e7c4b,
97d2dd960d8e35e895a8130691b44e91,
a6aa385209dc3fa1b76a0917e5082d40,
ae04c7e2287838c28792d83a25d592a7,
e23e312afb3c372a9da772603dfe805f,
fb6fd998971b3c078581301e1a20e1ee,
7df0c3a9294f3ea480a015ec6ef63952,
593933b9253e318e8b0d712ce80afead,
3b6fed905c663c78aa95e8eb4b70b4f5,
ea573d3a88c43d69bb088a4487f99362,
b43a4d5b3be237fa9943ae21e0efc3e4,
1a6ce87382de349496be1a941c0751e2,
44ed448dcb243032847c5497e5f42c8a,
dc64e7ad1ab4311498b65b45a5cbcd4a,
667ac9089c633094a8dd6bb42de0d60d,
17142cb849793e2eb0a8308636126753,
c58122782c1b3141bc3b1e1642bdd0d7,
73a67c12c5f03288ad6ac78aea0917b0,
2a7c7335cf043147ba055088ff09a994,
bca61c38cbd337afa309e46b0b5725c8,
186f2f31cc923e0a9b0cb6edce1dad1a,
1b131923344d30d4843c8d858354cb97,
e23a10ffdf8136c08c11e1a1ab01c38b,
b13c7a5ce7033f3ba87cf8d5dbca0d31,
2f1bd3ebcf6d346ba5fa1e9ed96ee4a6,
8b17739de7a93b7f92d499002b7f1ec3,
9df6a1fb04b33819bc47b27a28e5361f,
bbc795f9146731faa4aa08c6d9802875,
48e9370eb9d43451adc856b4ad7c10ee,
5b37ee408cf630619c09411d2a3165ed,
462ef031b667322da3009fe624a28b0a,
09370cda89a43a48b5929c0486e0d5e4,
89bd527faf4838dba3aed73de44660fc,
79e57f8ed2e139fa98154f3ced2481c1,
ea37349dd0a135e38fbeea5a2168cd28,
701a16a956203ee6b96846a93f3c992d,
0669d80d14f434eebb428df4eae9d8fa,
5da93dc2ccfc35ed9f85c899d4917c0c,
c260163c823f3028bd2a94793981d682,
61c8b60685e0359796eb424c29ff3712,
545db05080fa3c6dbd13db303e3667cc,
77cdeedebf0137f68d7fb2aeb5d7445f,
748caf3fa36e3f87b94fb0fcaa7884f9,
86e13e507078397c969f72fbf5b37557,
15da38cb9b4031da80d37f710ba3acd8,
505e3416979439a1aa7f9c2a23a038d9,
b62dd3256e5d3c4ca7c3b2208907a1d8,
13252d0261c037aea1d8f0e378df9ef0,
b7965296fccc3b3eb0568bd30fa45dc6,
cbca0bf6d57032be9ee7389dc903848c,
fa580262a44932ae9022a7d534ec5f98,
7366bd9b973433d1a096a7872f18a156,
2f926961b78b3b0683c61d9221ad823d,
e28966acdda533e79c3fb6f0f686cdc2,
6ed693e47dc03210856ba6eb4cc73e13,
d0546589df2a330588f66f11dfed0f20,
06e1328b271c30cebadb6d8412ebc9b5,
897a5f1864953364b80cfbe7b2df4989,
677e132d9eef3abfb4fc9483fbca2797,
10a5fe3f57273632af70af7fad123fa2,
0f7878e10b133b4b804e1b438a6c7ad6,
e1c6b4547f8f386da37e6bd490a678fc,
8e87cbb8f06c3a019f98d07d87a9ea6f,
96f75b93646430eaad8fee611cbdd118,
f00d60653af03a12846598fc1c40550f,
95282065d7083367b3c7eef05a1e2ad8,
06f1f031f1e33ef1a9b44eb51bca0a50,
38ebccfe6fd7342b9c0e8109ce3fb4ce,
7d86d27f05af3070ba2711090f6552f2,
1e35eba90cdd35878633be092e702ee3,
f9aed1d56f13394ca3f87ce9dba8c5b7,
28de9ba37ac335f79f9fac1494492d00,
44b9bc135d3934e4986b70bf3b6f1d71,
37dc5c6f01e93d73bf31fb077e565eaf,
2052b784aeb3335884fc8e92e5c5e4d7,
fd42fd8bcc5033c59e90e0694e53536c,
95801483361e38438430e10c678063fe,
f2079f8460a431a4a21f353ec8fae265,
91f8a49117083b4f8fcbc7b202d248c3,
b50916d10c173a3aa81920df05903957,
0aa62d5cafaa3ef6806890d6e1fd3c3e,
87eede2b9d543850bcf1b24636ea482f,
8efbba6a496930b099431db83a99cea1,
6d7d88130b2334048dd11588d7a7a4d1,
c2bb8f01dff13c178d440036b75729c1,
74d9e1de377b34aea25e84829d25a23a,
ef5a2141e83531a3832148e5373c94df,
90f050c0687a32148f55f05411b49975,
a5b2264164b631389f4c06a735678e8f,
af5671034f2436009b9b166d08a3febe,
657a958f20393c92a7ab9d536cc52a95,
73c25bd91acb3d089d292e883733b3de,
9d12b2b460ae31269c50b42824bad48f,
15003d23331b3f39849c05d373ae598d,
965c400f7c8d3157a29e0cf8a198638e,
15e0ba0710e43d7faaffc00fed873c88,
3e50c3a84c3f3f5f8d9bece1bca15a38,
40fa3009e3d23289827cda5bd65582d9,
fd8367870c56378fabd99f0f1e9cf615,
ce9dc6bc9b8131c1823ffcc2aa50d40a,
cc055595774d30cabda3584bc891698a,
8084354dcd9a39a3a50b6a9a51a27a0c,
3418cf49a5583d1da1fd356ed89bf7e2,
f07a3b89cc3830efbbc541a3025c2198,
f0cafa9bcc5d3203adcc6eaf84e9500c,
7cc1052e59c23405ba18fc2249c10251,
c96766d570b4378e87c2515da025ccf7,
819f86a331d53e72a83e142c3a3e4832,
b088d13ada06349cacc4c25753df2c5a,
2449158b95d73ecaae674aab21c83aa1,
77440ac2a0a83a2781a4fe9b8b7c9d3f,
1a2a53d84b2237d499692a8b971936d9,
a7ce70ba4b553802b0a7cb944c09d3c5,
2cdac72491ac3aad9a2d6b3048194cb3,
435a28b3344e3111a96e54cacb5d0808,
dab57d60ab433d5e8b9d2e9044d96419,
e9d64e7e41f43602b9037a234c073d76,
ea84e0cddd063126b1aa3298d22e32d7,
340fefd9ac833a809c74e63c0bb34748,
eae026e98eff38c194f7191020cd65ef,
e072a0bb9efe376bb824b19d33212940,
a13edda02fa5363280481683594782ea,
44dbe62c2d6a3ffdb533ce24ae587e27,
9b36bd0414cb3111a9719bc00150f7c2,
904d4cc9d7e9302a8e2cdea61f76cdf2,
a3c4bd5294113c91991158f45db4ada5,
3a6ec68294c83a878f47e7807ac6f746,
97e124ff696530afb0b60d72e563a4a0,
2587d946238836cdb7d2fa7f1e0a1ecb,
dd7c35422d8c3c97b10ac62c0e943bfc,
6fcb2095ce56301d8774b273ff3c8338,
9c606b2712f830329d0093879dac5a43,
a2d7b5dd2e4e315c8ae60321d5a45b00,
3399937458503a2b95efc7db0cf029ae,
43eb2484a7293268bb8f8ea9b84443c0,
20b64f99f6cd3e58aa175222c61048ed,
2c35a7a7925a368bba65e7d9b4e11159,
92ed1dea8bda35b8be136a89d958d8d4,
a0d4e1e0c07f31f0b8b9626ea301f6af,
d5dbb30196a434559691e874378a108a,
86ec0fb718293f618c6666e52e643bff,
cf4659e3605e3e0f8149a2276ac4527c,
80e3cecfd44b38f38c00276fb9ccc63f,
e3e0f179c0a6332a97e9d3bdb6fb0cdf,
60a014b3ec47324681035114389762ea,
31f7e0dba1043ea7923ed45fb53828d4,
28509b6cb4973826b7e005a2c2e91425,
845209014cbf3d14a6eedb632851040c,
58bc84d62df63280ae0217d6795bfec4,
fd12703164a83555aca3b22952cda690,
c4c6177595333f9894ad19bf2deb533b,
2aa86fa0a67d3fd986c85224a04181f2,
8e56fec2073f3b6b9a43d5dab65e55e5,
25c4db802db336bd9c4f5fe0a2d40cf8,
c2d2e562549a31b0a585a5d46933bdb4,
10dfa5d9d3953f1495782338d9c16f7c,
a92b8fc8c63e3cfd8c9c2519a0f411cd,
2f30b4da2f3b39caa4b199239564f853,
42eaaf6bae5b35d6bc53e1a5a5443675,
3ebfb661ff543de59ff7c3ae0d59fac3,
3b920ce16ac834f199ef7f91f77d7439,
64143f8827fd3503a9d3d6608ab53af6,
9957b433ddc83113a3e65512cf13dab1,
f662fbfce1573f01a5360f8d6c642170,
900222ca34ba31caae545bb569102f75,
ed1fa28bcdb33c1daab474e84161be68,
f1b59225b60937be9b235c40eb48ee4e,
c3122623f9c23f868ebe089ce438685b,
93c380ff0e7c38d29120d729dc24c33a,
a2f6e3f1f259365eb48fb09d04e6ffbb,
ba8e8152dfd53c0084e1b66c20d64def,
b5c4609b4787335d9dbe28a4b9dc66d0,
6cf51c92afcb3545a58248d93fb76f73,
57a5c83b74e93b79b3ac9266272f61df,
f2864f36ed5736179bd912477fd5e11a,
8af80d1aacdc35babdea6fd4053cd562,
9af807be7aed3400b7ca58d86bb74bd4,
8dc02ac4a6a8348db2d3ef5abb814621,
723e1289948a30ac88244f2ea4572bb2,
92b98fc573f435d5beae3bab7f303e3e,
26b0443b51ce3a2c8c66ca3334edd7a9,
6cea3db362323627ab6cd982feabf273,
6d9e544ac4873d2aaca14104e9a43e37,
0af21793296b388b941801b0772e079a,
6769ab04fbd632278a797186d871e734,
e189ec02ab1e3ea3933d2ee5660f8447,
65619efc2a4235aaaf6aa356930ecaad,
a28cc66432093b3f81fbca6526dbdc51,
9030a5d21ebf3fbfb3c9ae4123b68324,