{
  "actionErrors": [],
  "actionMessages": [],
  "fieldErrors": {},
  "isPagination": "true",
  "jsonCallBack": "jsonpCallback46251292",
  "locale": "zh_CN",
  "pageHelp": {
    "beginPage": 1,
    "cacheSize": 1,
    "data": [
      {
        "COMPANY_ABBR_EN": "SPD BANK",
        "LIST_BOARD": "1",
        "COMPANY_ABBR": "浦发银行",
        "A_STOCK_CODE": "600000",
        "DELIST_DATE": "-",
        "NUM": "1",
        "SEC_NAME_CN": "浦发银行",
        "FULL_NAME_IN_ENGLISH": "Shanghai Pudong Development Bank Co.,Ltd.",
        "SEC_NAME_FULL": "浦发银行",
        "B_STOCK_CODE": "-",
        "LIST_DATE": "19991110",
        "PRODUCT_STATUS": "   D  F  N          ",
        "COMPANY_CODE": "600000",
        "FULL_NAME": "上海浦东发展银行股份有限公司"
      },
      {
        "COMPANY_ABBR_EN": "GBIAC",
        "LIST_BOARD": "1",
        "COMPANY_ABBR": "白云机场",
        "A_STOCK_CODE": "600004",
        "DELIST_DATE": "-",
        "NUM": "2",
        "SEC_NAME_CN": "白云机场",
        "FULL_NAME_IN_ENGLISH": "Guangzhou Baiyun International Airport Company Limited",
        "SEC_NAME_FULL": "白云机场",
        "B_STOCK_CODE": "-",
        "LIST_DATE": "20030428",
        "PRODUCT_STATUS": "   D  F  N          ",
        "COMPANY_CODE": "600004",
        "FULL_NAME": "广州白云国际机场股份有限公司"
      },
      {
        "COMPANY_ABBR_EN": "DFAC",
        "LIST_BOARD": "1",
        "COMPANY_ABBR": "东风汽车",
        "A_STOCK_CODE": "600006",
        "DELIST_DATE": "-",
        "NUM": "3",
        "SEC_NAME_CN": "东风汽车",
        "FULL_NAME_IN_ENGLISH": "DONGFENG AUTOMOBILE CO.,LTD.",
        "SEC_NAME_FULL": "东风汽车",
        "B_STOCK_CODE": "-",
        "LIST_DATE": "19990727",
        "PRODUCT_STATUS": "   D  F  N          ",
        "COMPANY_CODE": "600006",
        "FULL_NAME": "东风汽车股份有限公司"
      },
      {
        "COMPANY_ABBR_EN": "CWTC CO.,LTD.",
        "LIST_BOARD": "1",
        "COMPANY_ABBR": "中国国贸",
        "A_STOCK_CODE": "600007",
        "DELIST_DATE": "-",
        "NUM": "4",
        "SEC_NAME_CN": "中国国贸",
        "FULL_NAME_IN_ENGLISH": "China World Trade Center Co.,Ltd.",
        "SEC_NAME_FULL": "中国国贸",
        "B_STOCK_CODE": "-",
        "LIST_DATE": "19990312",
        "PRODUCT_STATUS": "   D  F  N          ",
        "COMPANY_CODE": "600007",
        "FULL_NAME": "中国国际贸易中心股份有限公司"
      },
      {
        "COMPANY_ABBR_EN": "Capital Eco-Pro Group",
        "LIST_BOARD": "1",
        "COMPANY_ABBR": "首创环保",
        "A_STOCK_CODE": "600008",
        "DELIST_DATE": "-",
        "NUM": "5",
        "SEC_NAME_CN": "首创环保",
        "FULL_NAME_IN_ENGLISH": "Beijing Capital Eco-Environment Protection GroupCo.,Ltd.",
        "SEC_NAME_FULL": "首创环保",
        "B_STOCK_CODE": "-",
        "LIST_DATE": "20000427",
        "PRODUCT_STATUS": "   D  F  N          ",
        "COMPANY_CODE": "600008",
        "FULL_NAME": "北京首创生态环保集团股份有限公司"
      },
      {
        "COMPANY_ABBR_EN": "SIA",
        "LIST_BOARD": "1",
        "COMPANY_ABBR": "上海机场",
        "A_STOCK_CODE": "600009",
        "DELIST_DATE": "-",
        "NUM": "6",
        "SEC_NAME_CN": "上海机场",
        "FULL_NAME_IN_ENGLISH": "Shanghai International Airport Co.,Ltd.",
        "SEC_NAME_FULL": "上海机场",
        "B_STOCK_CODE": "-",
        "LIST_DATE": "19980218",
        "PRODUCT_STATUS": "   D  F  N          ",
        "COMPANY_CODE": "600009",
        "FULL_NAME": "上海国际机场股份有限公司"
      },
      {
        "COMPANY_ABBR_EN": "BSU",
        "LIST_BOARD": "1",
        "COMPANY_ABBR": "包钢股份",
        "A_STOCK_CODE": "600010",
        "DELIST_DATE": "-",
        "NUM": "7",
        "SEC_NAME_CN": "包钢股份",
        "FULL_NAME_IN_ENGLISH": "Inner Mongolia Baotou Steel Union Co.,Ltd",
        "SEC_NAME_FULL": "包钢股份",
        "B_STOCK_CODE": "-",
        "LIST_DATE": "20010309",
        "PRODUCT_STATUS": "   D  F  N          ",
        "COMPANY_CODE": "600010",
        "FULL_NAME": "内蒙古包钢钢联股份有限公司"
      },
      {
        "COMPANY_ABBR_EN": "HPI",
        "LIST_BOARD": "1",
        "COMPANY_ABBR": "华能国际",
        "A_STOCK_CODE": "600011",
        "DELIST_DATE": "-",
        "NUM": "8",
        "SEC_NAME_CN": "华能国际",
        "FULL_NAME_IN_ENGLISH": "Huaneng Power International,Inc.",
        "SEC_NAME_FULL": "华能国际",
        "B_STOCK_CODE": "-",
        "LIST_DATE": "20011206",
        "PRODUCT_STATUS": "   D  F  N          ",
        "COMPANY_CODE": "600011",
        "FULL_NAME": "华能国际电力股份有限公司"
      },
      {
        "COMPANY_ABBR_EN": "ANHUI EXPRESSWAY",
        "LIST_BOARD": "1",
        "COMPANY_ABBR": "皖通高速",
        "A_STOCK_CODE": "600012",
        "DELIST_DATE": "-",
        "NUM": "9",
        "SEC_NAME_CN": "皖通高速",
        "FULL_NAME_IN_ENGLISH": "Anhui Expressway Company Limited",
        "SEC_NAME_FULL": "皖通高速",
        "B_STOCK_CODE": "-",
        "LIST_DATE": "20030107",
        "PRODUCT_STATUS": "   D  F  N          ",
        "COMPANY_CODE": "600012",
        "FULL_NAME": "安徽皖通高速公路股份有限公司"
      },
      {
        "COMPANY_ABBR_EN": "HUAXIA BANK",
        "LIST_BOARD": "1",
        "COMPANY_ABBR": "华夏银行",
        "A_STOCK_CODE": "600015",
        "DELIST_DATE": "-",
        "NUM": "10",
        "SEC_NAME_CN": "华夏银行",
        "FULL_NAME_IN_ENGLISH": "Hua Xia Bank Co.,Limited",
        "SEC_NAME_FULL": "华夏银行",
        "B_STOCK_CODE": "-",
        "LIST_DATE": "20030912",
        "PRODUCT_STATUS": "   D  F  N          ",
        "COMPANY_CODE": "600015",
        "FULL_NAME": "华夏银行股份有限公司"
      },
      {
        "COMPANY_ABBR_EN": "CMBC",
        "LIST_BOARD": "1",
        "COMPANY_ABBR": "民生银行",
        "A_STOCK_CODE": "600016",
        "DELIST_DATE": "-",
        "NUM": "11",
        "SEC_NAME_CN": "民生银行",
        "FULL_NAME_IN_ENGLISH": "China Minsheng Banking Corp., Ltd.",
        "SEC_NAME_FULL": "民生银行",
        "B_STOCK_CODE": "-",
        "LIST_DATE": "20001219",
        "PRODUCT_STATUS": "   D  F  N          ",
        "COMPANY_CODE": "600016",
        "FULL_NAME": "中国民生银行股份有限公司"
      },
      {
        "COMPANY_ABBR_EN": "RIZHAO PORT",
        "LIST_BOARD": "1",
        "COMPANY_ABBR": "日照港",
        "A_STOCK_CODE": "600017",
        "DELIST_DATE": "-",
        "NUM": "12",
        "SEC_NAME_CN": "日照港",
        "FULL_NAME_IN_ENGLISH": "Rizhao Port Co.,Ltd.",
        "SEC_NAME_FULL": "日照港",
        "B_STOCK_CODE": "-",
        "LIST_DATE": "20061017",
        "PRODUCT_STATUS": "   D  F  N          ",
        "COMPANY_CODE": "600017",
        "FULL_NAME": "日照港股份有限公司"
      },
      {
        "COMPANY_ABBR_EN": "SIPG",
        "LIST_BOARD": "1",
        "COMPANY_ABBR": "上港集团",
        "A_STOCK_CODE": "600018",
        "DELIST_DATE": "-",
        "NUM": "13",
        "SEC_NAME_CN": "上港集团",
        "FULL_NAME_IN_ENGLISH": "Shanghai International Port (Group) Co., Ltd.",
        "SEC_NAME_FULL": "上港集团",
        "B_STOCK_CODE": "-",
        "LIST_DATE": "20000719",
        "PRODUCT_STATUS": "   D  F  N          ",
        "COMPANY_CODE": "600018",
        "FULL_NAME": "上海国际港务(集团)股份有限公司"
      },
      {
        "COMPANY_ABBR_EN": "BAOSTEEL",
        "LIST_BOARD": "1",
        "COMPANY_ABBR": "宝钢股份",
        "A_STOCK_CODE": "600019",
        "DELIST_DATE": "-",
        "NUM": "14",
        "SEC_NAME_CN": "宝钢股份",
        "FULL_NAME_IN_ENGLISH": "Baoshan Iron & Steel Co.,Ltd.",
        "SEC_NAME_FULL": "宝钢股份",
        "B_STOCK_CODE": "-",
        "LIST_DATE": "20001212",
        "PRODUCT_STATUS": "   D  F  N          ",
        "COMPANY_CODE": "600019",
        "FULL_NAME": "宝山钢铁股份有限公司"
      },
      {
        "COMPANY_ABBR_EN": "ZHONGYUAN EXPRESSWAY",
        "LIST_BOARD": "1",
        "COMPANY_ABBR": "中原高速",
        "A_STOCK_CODE": "600020",
        "DELIST_DATE": "-",
        "NUM": "15",
        "SEC_NAME_CN": "中原高速",
        "FULL_NAME_IN_ENGLISH": "Henan Zhongyuan Expressway Co.,Ltd.",
        "SEC_NAME_FULL": "中原高速",
        "B_STOCK_CODE": "-",
        "LIST_DATE": "20030808",
        "PRODUCT_STATUS": "   D  F  N          ",
        "COMPANY_CODE": "600020",
        "FULL_NAME": "河南中原高速公路股份有限公司"
      },
      {
        "COMPANY_ABBR_EN": "SEP",
        "LIST_BOARD": "1",
        "COMPANY_ABBR": "上海电力",
        "A_STOCK_CODE": "600021",
        "DELIST_DATE": "-",
        "NUM": "16",
        "SEC_NAME_CN": "上海电力",
        "FULL_NAME_IN_ENGLISH": "Shanghai Electric Power Co.,Ltd",
        "SEC_NAME_FULL": "上海电力",
        "B_STOCK_CODE": "-",
        "LIST_DATE": "20031029",
        "PRODUCT_STATUS": "   D  F  N          ",
        "COMPANY_CODE": "600021",
        "FULL_NAME": "上海电力股份有限公司"
      },
      {
        "COMPANY_ABBR_EN": "SHANDONG STEEL",
        "LIST_BOARD": "1",
        "COMPANY_ABBR": "山东钢铁",
        "A_STOCK_CODE": "600022",
        "DELIST_DATE": "-",
        "NUM": "17",
        "SEC_NAME_CN": "山东钢铁",
        "FULL_NAME_IN_ENGLISH": "Shandong Iron and Steel Company Ltd",
        "SEC_NAME_FULL": "山东钢铁",
        "B_STOCK_CODE": "-",
        "LIST_DATE": "20040629",
        "PRODUCT_STATUS": "   D  F  N          ",
        "COMPANY_CODE": "600022",
        "FULL_NAME": "山东钢铁股份有限公司"
      },
      {
        "COMPANY_ABBR_EN": "ZZEPC",
        "LIST_BOARD": "1",
        "COMPANY_ABBR": "浙能电力",
        "A_STOCK_CODE": "600023",
        "DELIST_DATE": "-",
        "NUM": "18",
        "SEC_NAME_CN": "浙能电力",
        "FULL_NAME_IN_ENGLISH": "Zhejiang Zheneng Electric Power CO.,LTD",
        "SEC_NAME_FULL": "浙能电力",
        "B_STOCK_CODE": "-",
        "LIST_DATE": "20131219",
        "PRODUCT_STATUS": "   D  F  N          ",
        "COMPANY_CODE": "600023",
        "FULL_NAME": "浙江浙能电力股份有限公司"
      },
      {
        "COMPANY_ABBR_EN": "HHP",
        "LIST_BOARD": "1",
        "COMPANY_ABBR": "华能水电",
        "A_STOCK_CODE": "600025",
        "DELIST_DATE": "-",
        "NUM": "19",
        "SEC_NAME_CN": "华能水电",
        "FULL_NAME_IN_ENGLISH": "Huaneng Lancang River Hydropower Inc.",
        "SEC_NAME_FULL": "华能水电",
        "B_STOCK_CODE": "-",
        "LIST_DATE": "20171215",
        "PRODUCT_STATUS": "   D  F  N          ",
        "COMPANY_CODE": "600025",
        "FULL_NAME": "华能澜沧江水电股份有限公司"
      },
      {
        "COMPANY_ABBR_EN": "COSCO SHIPPING ENERGY",
        "LIST_BOARD": "1",
        "COMPANY_ABBR": "中远海能",
        "A_STOCK_CODE": "600026",
        "DELIST_DATE": "-",
        "NUM": "20",
        "SEC_NAME_CN": "中远海能",
        "FULL_NAME_IN_ENGLISH": "Cosco Shipping Energy Transportation Co., Ltd.",
        "SEC_NAME_FULL": "中远海能",
        "B_STOCK_CODE": "-",
        "LIST_DATE": "20020523",
        "PRODUCT_STATUS": "   D  F  N          ",
        "COMPANY_CODE": "600026",
        "FULL_NAME": "中远海运能源运输股份有限公司"
      },
      {
        "COMPANY_ABBR_EN": "HDPI",
        "LIST_BOARD": "1",
        "COMPANY_ABBR": "华电国际",
        "A_STOCK_CODE": "600027",
        "DELIST_DATE": "-",
        "NUM": "21",
        "SEC_NAME_CN": "华电国际",
        "FULL_NAME_IN_ENGLISH": "Huadian Power International Corporation Limited",
        "SEC_NAME_FULL": "华电国际",
        "B_STOCK_CODE": "-",
        "LIST_DATE": "20050203",
        "PRODUCT_STATUS": "   D  F  N          ",
        "COMPANY_CODE": "600027",
        "FULL_NAME": "华电国际电力股份有限公司"
      },
      {
        "COMPANY_ABBR_EN": "SINOPEC CORP.",
        "LIST_BOARD": "1",
        "COMPANY_ABBR": "中国石化",
        "A_STOCK_CODE": "600028",
        "DELIST_DATE": "-",
        "NUM": "22",
        "SEC_NAME_CN": "中国石化",
        "FULL_NAME_IN_ENGLISH": "China Petroleum & Chemical Corporation",
        "SEC_NAME_FULL": "中国石化",
        "B_STOCK_CODE": "-",
        "LIST_DATE": "20010808",
        "PRODUCT_STATUS": "   D  F  N          ",
        "COMPANY_CODE": "600028",
        "FULL_NAME": "中国石油化工股份有限公司"
      },
      {
        "COMPANY_ABBR_EN": "CSN",
        "LIST_BOARD": "1",
        "COMPANY_ABBR": "南方航空",
        "A_STOCK_CODE": "600029",
        "DELIST_DATE": "-",
        "NUM": "23",
        "SEC_NAME_CN": "南方航空",
        "FULL_NAME_IN_ENGLISH": "China Southern Airlines Company Limited",
        "SEC_NAME_FULL": "南方航空",
        "B_STOCK_CODE": "-",
        "LIST_DATE": "20030725",
        "PRODUCT_STATUS": "   D  F  N          ",
        "COMPANY_CODE": "600029",
        "FULL_NAME": "中国南方航空股份有限公司"
      },
      {
        "COMPANY_ABBR_EN": "CITIC SECURITIES CO.,LTD.",
        "LIST_BOARD": "1",
        "COMPANY_ABBR": "中信证券",
        "A_STOCK_CODE": "600030",
        "DELIST_DATE": "-",
        "NUM": "24",
        "SEC_NAME_CN": "中信证券",
        "FULL_NAME_IN_ENGLISH": "CITIC Securities Company Limited",
        "SEC_NAME_FULL": "中信证券",
        "B_STOCK_CODE": "-",
        "LIST_DATE": "20030106",
        "PRODUCT_STATUS": "   D  F  N          ",
        "COMPANY_CODE": "600030",
        "FULL_NAME": "中信证券股份有限公司"
      },
      {
        "COMPANY_ABBR_EN": "SANY",
        "LIST_BOARD": "1",
        "COMPANY_ABBR": "三一重工",
        "A_STOCK_CODE": "600031",
        "DELIST_DATE": "-",
        "NUM": "25",
        "SEC_NAME_CN": "三一重工",
        "FULL_NAME_IN_ENGLISH": "SANY HEAVY INDUSTRY CO.,LTD",
        "SEC_NAME_FULL": "三一重工",
        "B_STOCK_CODE": "-",
        "LIST_DATE": "20030703",
        "PRODUCT_STATUS": "   D  F  N          ",
        "COMPANY_CODE": "600031",
        "FULL_NAME": "三一重工股份有限公司"
      }
    ],
    "endDate": null,
    "endPage": 1,
    "objectResult": null,
    "pageCount": 2,
    "pageNo": 1,
    "pageSize": 20,
    "searchDate": null,
    "sort": null,
    "startDate": null,
    "total": 21
  },
  "pageNo": null,
  "pageSize": null,
  "queryDate": "",
  "result": [
    {
      "COMPANY_ABBR_EN": "SPD BANK",
      "LIST_BOARD": "1",
      "COMPANY_ABBR": "浦发银行",
      "A_STOCK_CODE": "600000",
      "DELIST_DATE": "-",
      "NUM": "1",
      "SEC_NAME_CN": "浦发银行",
      "FULL_NAME_IN_ENGLISH": "Shanghai Pudong Development Bank Co.,Ltd.",
      "SEC_NAME_FULL": "浦发银行",
      "B_STOCK_CODE": "-",
      "LIST_DATE": "19991110",
      "PRODUCT_STATUS": "   D  F  N          ",
      "COMPANY_CODE": "600000",
      "FULL_NAME": "上海浦东发展银行股份有限公司"
    },
    {
      "COMPANY_ABBR_EN": "GBIAC",
      "LIST_BOARD": "1",
      "COMPANY_ABBR": "白云机场",
      "A_STOCK_CODE": "600004",
      "DELIST_DATE": "-",
      "NUM": "2",
      "SEC_NAME_CN": "白云机场",
      "FULL_NAME_IN_ENGLISH": "Guangzhou Baiyun International Airport Company Limited",
      "SEC_NAME_FULL": "白云机场",
      "B_STOCK_CODE": "-",
      "LIST_DATE": "20030428",
      "PRODUCT_STATUS": "   D  F  N          ",
      "COMPANY_CODE": "600004",
      "FULL_NAME": "广州白云国际机场股份有限公司"
    },
    {
      "COMPANY_ABBR_EN": "DFAC",
      "LIST_BOARD": "1",
      "COMPANY_ABBR": "东风汽车",
      "A_STOCK_CODE": "600006",
      "DELIST_DATE": "-",
      "NUM": "3",
      "SEC_NAME_CN": "东风汽车",
      "FULL_NAME_IN_ENGLISH": "DONGFENG AUTOMOBILE CO.,LTD.",
      "SEC_NAME_FULL": "东风汽车",
      "B_STOCK_CODE": "-",
      "LIST_DATE": "19990727",
      "PRODUCT_STATUS": "   D  F  N          ",
      "COMPANY_CODE": "600006",
      "FULL_NAME": "东风汽车股份有限公司"
    },
    {
      "COMPANY_ABBR_EN": "CWTC CO.,LTD.",
      "LIST_BOARD": "1",
      "COMPANY_ABBR": "中国国贸",
      "A_STOCK_CODE": "600007",
      "DELIST_DATE": "-",
      "NUM": "4",
      "SEC_NAME_CN": "中国国贸",
      "FULL_NAME_IN_ENGLISH": "China World Trade Center Co.,Ltd.",
      "SEC_NAME_FULL": "中国国贸",
      "B_STOCK_CODE": "-",
      "LIST_DATE": "19990312",
      "PRODUCT_STATUS": "   D  F  N          ",
      "COMPANY_CODE": "600007",
      "FULL_NAME": "中国国际贸易中心股份有限公司"
    },
    {
      "COMPANY_ABBR_EN": "Capital Eco-Pro Group",
      "LIST_BOARD": "1",
      "COMPANY_ABBR": "首创环保",
      "A_STOCK_CODE": "600008",
      "DELIST_DATE": "-",
      "NUM": "5",
      "SEC_NAME_CN": "首创环保",
      "FULL_NAME_IN_ENGLISH": "Beijing Capital Eco-Environment Protection GroupCo.,Ltd.",
      "SEC_NAME_FULL": "首创环保",
      "B_STOCK_CODE": "-",
      "LIST_DATE": "20000427",
      "PRODUCT_STATUS": "   D  F  N          ",
      "COMPANY_CODE": "600008",
      "FULL_NAME": "北京首创生态环保集团股份有限公司"
    },
    {
      "COMPANY_ABBR_EN": "SIA",
      "LIST_BOARD": "1",
      "COMPANY_ABBR": "上海机场",
      "A_STOCK_CODE": "600009",
      "DELIST_DATE": "-",
      "NUM": "6",
      "SEC_NAME_CN": "上海机场",
      "FULL_NAME_IN_ENGLISH": "Shanghai International Airport Co.,Ltd.",
      "SEC_NAME_FULL": "上海机场",
      "B_STOCK_CODE": "-",
      "LIST_DATE": "19980218",
      "PRODUCT_STATUS": "   D  F  N          ",
      "COMPANY_CODE": "600009",
      "FULL_NAME": "上海国际机场股份有限公司"
    },
    {
      "COMPANY_ABBR_EN": "BSU",
      "LIST_BOARD": "1",
      "COMPANY_ABBR": "包钢股份",
      "A_STOCK_CODE": "600010",
      "DELIST_DATE": "-",
      "NUM": "7",
      "SEC_NAME_CN": "包钢股份",
      "FULL_NAME_IN_ENGLISH": "Inner Mongolia Baotou Steel Union Co.,Ltd",
      "SEC_NAME_FULL": "包钢股份",
      "B_STOCK_CODE": "-",
      "LIST_DATE": "20010309",
      "PRODUCT_STATUS": "   D  F  N          ",
      "COMPANY_CODE": "600010",
      "FULL_NAME": "内蒙古包钢钢联股份有限公司"
    },
    {
      "COMPANY_ABBR_EN": "HPI",
      "LIST_BOARD": "1",
      "COMPANY_ABBR": "华能国际",
      "A_STOCK_CODE": "600011",
      "DELIST_DATE": "-",
      "NUM": "8",
      "SEC_NAME_CN": "华能国际",
      "FULL_NAME_IN_ENGLISH": "Huaneng Power International,Inc.",
      "SEC_NAME_FULL": "华能国际",
      "B_STOCK_CODE": "-",
      "LIST_DATE": "20011206",
      "PRODUCT_STATUS": "   D  F  N          ",
      "COMPANY_CODE": "600011",
      "FULL_NAME": "华能国际电力股份有限公司"
    },
    {
      "COMPANY_ABBR_EN": "ANHUI EXPRESSWAY",
      "LIST_BOARD": "1",
      "COMPANY_ABBR": "皖通高速",
      "A_STOCK_CODE": "600012",
      "DELIST_DATE": "-",
      "NUM": "9",
      "SEC_NAME_CN": "皖通高速",
      "FULL_NAME_IN_ENGLISH": "Anhui Expressway Company Limited",
      "SEC_NAME_FULL": "皖通高速",
      "B_STOCK_CODE": "-",
      "LIST_DATE": "20030107",
      "PRODUCT_STATUS": "   D  F  N          ",
      "COMPANY_CODE": "600012",
      "FULL_NAME": "安徽皖通高速公路股份有限公司"
    },
    {
      "COMPANY_ABBR_EN": "HUAXIA BANK",
      "LIST_BOARD": "1",
      "COMPANY_ABBR": "华夏银行",
      "A_STOCK_CODE": "600015",
      "DELIST_DATE": "-",
      "NUM": "10",
      "SEC_NAME_CN": "华夏银行",
      "FULL_NAME_IN_ENGLISH": "Hua Xia Bank Co.,Limited",
      "SEC_NAME_FULL": "华夏银行",
      "B_STOCK_CODE": "-",
      "LIST_DATE": "20030912",
      "PRODUCT_STATUS": "   D  F  N          ",
      "COMPANY_CODE": "600015",
      "FULL_NAME": "华夏银行股份有限公司"
    },
    {
      "COMPANY_ABBR_EN": "CMBC",
      "LIST_BOARD": "1",
      "COMPANY_ABBR": "民生银行",
      "A_STOCK_CODE": "600016",
      "DELIST_DATE": "-",
      "NUM": "11",
      "SEC_NAME_CN": "民生银行",
      "FULL_NAME_IN_ENGLISH": "China Minsheng Banking Corp., Ltd.",
      "SEC_NAME_FULL": "民生银行",
      "B_STOCK_CODE": "-",
      "LIST_DATE": "20001219",
      "PRODUCT_STATUS": "   D  F  N          ",
      "COMPANY_CODE": "600016",
      "FULL_NAME": "中国民生银行股份有限公司"
    },
    {
      "COMPANY_ABBR_EN": "RIZHAO PORT",
      "LIST_BOARD": "1",
      "COMPANY_ABBR": "日照港",
      "A_STOCK_CODE": "600017",
      "DELIST_DATE": "-",
      "NUM": "12",
      "SEC_NAME_CN": "日照港",
      "FULL_NAME_IN_ENGLISH": "Rizhao Port Co.,Ltd.",
      "SEC_NAME_FULL": "日照港",
      "B_STOCK_CODE": "-",
      "LIST_DATE": "20061017",
      "PRODUCT_STATUS": "   D  F  N          ",
      "COMPANY_CODE": "600017",
      "FULL_NAME": "日照港股份有限公司"
    },
    {
      "COMPANY_ABBR_EN": "SIPG",
      "LIST_BOARD": "1",
      "COMPANY_ABBR": "上港集团",
      "A_STOCK_CODE": "600018",
      "DELIST_DATE": "-",
      "NUM": "13",
      "SEC_NAME_CN": "上港集团",
      "FULL_NAME_IN_ENGLISH": "Shanghai International Port (Group) Co., Ltd.",
      "SEC_NAME_FULL": "上港集团",
      "B_STOCK_CODE": "-",
      "LIST_DATE": "20000719",
      "PRODUCT_STATUS": "   D  F  N          ",
      "COMPANY_CODE": "600018",
      "FULL_NAME": "上海国际港务(集团)股份有限公司"
    },
    {
      "COMPANY_ABBR_EN": "BAOSTEEL",
      "LIST_BOARD": "1",
      "COMPANY_ABBR": "宝钢股份",
      "A_STOCK_CODE": "600019",
      "DELIST_DATE": "-",
      "NUM": "14",
      "SEC_NAME_CN": "宝钢股份",
      "FULL_NAME_IN_ENGLISH": "Baoshan Iron & Steel Co.,Ltd.",
      "SEC_NAME_FULL": "宝钢股份",
      "B_STOCK_CODE": "-",
      "LIST_DATE": "20001212",
      "PRODUCT_STATUS": "   D  F  N          ",
      "COMPANY_CODE": "600019",
      "FULL_NAME": "宝山钢铁股份有限公司"
    },
    {
      "COMPANY_ABBR_EN": "ZHONGYUAN EXPRESSWAY",
      "LIST_BOARD": "1",
      "COMPANY_ABBR": "中原高速",
      "A_STOCK_CODE": "600020",
      "DELIST_DATE": "-",
      "NUM": "15",
      "SEC_NAME_CN": "中原高速",
      "FULL_NAME_IN_ENGLISH": "Henan Zhongyuan Expressway Co.,Ltd.",
      "SEC_NAME_FULL": "中原高速",
      "B_STOCK_CODE": "-",
      "LIST_DATE": "20030808",
      "PRODUCT_STATUS": "   D  F  N          ",
      "COMPANY_CODE": "600020",
      "FULL_NAME": "河南中原高速公路股份有限公司"
    },
    {
      "COMPANY_ABBR_EN": "SEP",
      "LIST_BOARD": "1",
      "COMPANY_ABBR": "上海电力",
      "A_STOCK_CODE": "600021",
      "DELIST_DATE": "-",
      "NUM": "16",
      "SEC_NAME_CN": "上海电力",
      "FULL_NAME_IN_ENGLISH": "Shanghai Electric Power Co.,Ltd",
      "SEC_NAME_FULL": "上海电力",
      "B_STOCK_CODE": "-",
      "LIST_DATE": "20031029",
      "PRODUCT_STATUS": "   D  F  N          ",
      "COMPANY_CODE": "600021",
      "FULL_NAME": "上海电力股份有限公司"
    },
    {
      "COMPANY_ABBR_EN": "SHANDONG STEEL",
      "LIST_BOARD": "1",
      "COMPANY_ABBR": "山东钢铁",
      "A_STOCK_CODE": "600022",
      "DELIST_DATE": "-",
      "NUM": "17",
      "SEC_NAME_CN": "山东钢铁",
      "FULL_NAME_IN_ENGLISH": "Shandong Iron and Steel Company Ltd",
      "SEC_NAME_FULL": "山东钢铁",
      "B_STOCK_CODE": "-",
      "LIST_DATE": "20040629",
      "PRODUCT_STATUS": "   D  F  N          ",
      "COMPANY_CODE": "600022",
      "FULL_NAME": "山东钢铁股份有限公司"
    },
    {
      "COMPANY_ABBR_EN": "ZZEPC",
      "LIST_BOARD": "1",
      "COMPANY_ABBR": "浙能电力",
      "A_STOCK_CODE": "600023",
      "DELIST_DATE": "-",
      "NUM": "18",
      "SEC_NAME_CN": "浙能电力",
      "FULL_NAME_IN_ENGLISH": "Zhejiang Zheneng Electric Power CO.,LTD",
      "SEC_NAME_FULL": "浙能电力",
      "B_STOCK_CODE": "-",
      "LIST_DATE": "20131219",
      "PRODUCT_STATUS": "   D  F  N          ",
      "COMPANY_CODE": "600023",
      "FULL_NAME": "浙江浙能电力股份有限公司"
    },
    {
      "COMPANY_ABBR_EN": "HHP",
      "LIST_BOARD": "1",
      "COMPANY_ABBR": "华能水电",
      "A_STOCK_CODE": "600025",
      "DELIST_DATE": "-",
      "NUM": "19",
      "SEC_NAME_CN": "华能水电",
      "FULL_NAME_IN_ENGLISH": "Huaneng Lancang River Hydropower Inc.",
      "SEC_NAME_FULL": "华能水电",
      "B_STOCK_CODE": "-",
      "LIST_DATE": "20171215",
      "PRODUCT_STATUS": "   D  F  N          ",
      "COMPANY_CODE": "600025",
      "FULL_NAME": "华能澜沧江水电股份有限公司"
    },
    {
      "COMPANY_ABBR_EN": "COSCO SHIPPING ENERGY",
      "LIST_BOARD": "1",
      "COMPANY_ABBR": "中远海能",
      "A_STOCK_CODE": "600026",
      "DELIST_DATE": "-",
      "NUM": "20",
      "SEC_NAME_CN": "中远海能",
      "FULL_NAME_IN_ENGLISH": "Cosco Shipping Energy Transportation Co., Ltd.",
      "SEC_NAME_FULL": "中远海能",
      "B_STOCK_CODE": "-",
      "LIST_DATE": "20020523",
      "PRODUCT_STATUS": "   D  F  N          ",
      "COMPANY_CODE": "600026",
      "FULL_NAME": "中远海运能源运输股份有限公司"
    },
    {
      "COMPANY_ABBR_EN": "HDPI",
      "LIST_BOARD": "1",
      "COMPANY_ABBR": "华电国际",
      "A_STOCK_CODE": "600027",
      "DELIST_DATE": "-",
      "NUM": "21",
      "SEC_NAME_CN": "华电国际",
      "FULL_NAME_IN_ENGLISH": "Huadian Power International Corporation Limited",
      "SEC_NAME_FULL": "华电国际",
      "B_STOCK_CODE": "-",
      "LIST_DATE": "20050203",
      "PRODUCT_STATUS": "   D  F  N          ",
      "COMPANY_CODE": "600027",
      "FULL_NAME": "华电国际电力股份有限公司"
    },
    {
      "COMPANY_ABBR_EN": "SINOPEC CORP.",
      "LIST_BOARD": "1",
      "COMPANY_ABBR": "中国石化",
      "A_STOCK_CODE": "600028",
      "DELIST_DATE": "-",
      "NUM": "22",
      "SEC_NAME_CN": "中国石化",
      "FULL_NAME_IN_ENGLISH": "China Petroleum & Chemical Corporation",
      "SEC_NAME_FULL": "中国石化",
      "B_STOCK_CODE": "-",
      "LIST_DATE": "20010808",
      "PRODUCT_STATUS": "   D  F  N          ",
      "COMPANY_CODE": "600028",
      "FULL_NAME": "中国石油化工股份有限公司"
    },
    {
      "COMPANY_ABBR_EN": "CSN",
      "LIST_BOARD": "1",
      "COMPANY_ABBR": "南方航空",
      "A_STOCK_CODE": "600029",
      "DELIST_DATE": "-",
      "NUM": "23",
      "SEC_NAME_CN": "南方航空",
      "FULL_NAME_IN_ENGLISH": "China Southern Airlines Company Limited",
      "SEC_NAME_FULL": "南方航空",
      "B_STOCK_CODE": "-",
      "LIST_DATE": "20030725",
      "PRODUCT_STATUS": "   D  F  N          ",
      "COMPANY_CODE": "600029",
      "FULL_NAME": "中国南方航空股份有限公司"
    },
    {
      "COMPANY_ABBR_EN": "CITIC SECURITIES CO.,LTD.",
      "LIST_BOARD": "1",
      "COMPANY_ABBR": "中信证券",
      "A_STOCK_CODE": "600030",
      "DELIST_DATE": "-",
      "NUM": "24",
      "SEC_NAME_CN": "中信证券",
      "FULL_NAME_IN_ENGLISH": "CITIC Securities Company Limited",
      "SEC_NAME_FULL": "中信证券",
      "B_STOCK_CODE": "-",
      "LIST_DATE": "20030106",
      "PRODUCT_STATUS": "   D  F  N          ",
      "COMPANY_CODE": "600030",
      "FULL_NAME": "中信证券股份有限公司"
    },
    {
      "COMPANY_ABBR_EN": "SANY",
      "LIST_BOARD": "1",
      "COMPANY_ABBR": "三一重工",
      "A_STOCK_CODE": "600031",
      "DELIST_DATE": "-",
      "NUM": "25",
      "SEC_NAME_CN": "三一重工",
      "FULL_NAME_IN_ENGLISH": "SANY HEAVY INDUSTRY CO.,LTD",
      "SEC_NAME_FULL": "三一重工",
      "B_STOCK_CODE": "-",
      "LIST_DATE": "20030703",
      "PRODUCT_STATUS": "   D  F  N          ",
      "COMPANY_CODE": "600031",
      "FULL_NAME": "三一重工股份有限公司"
    }
  ],
  "securityCode": "",
  "sqlId": "COMMON_SSE_CP_GPJCTPZ_GPLB_GP_L",
  "texts": null,
  "type": "inParams",
  "validateCode": ""
}