{"publishData":[{"discloseId":"2023021700020548J7LUNATIONAL_BON","discloseDate":"2023-02-17","bulletinTitle":"关于2023年记账式贴现（十期）国债上市交易的通知","bulletinClassic":"NATIONAL_BOND_BULLETIN","publishTime":"2023-02-17 14:46:35","bulletinUrl":"/disclosure/bond/announcement/bookentry/c/new/2023-02-17/020548_20230217_J7LU.pdf","securityCode":"020548","securityAbbr":"23贴债10"},{"discloseId":"2023021400019696D85UNATIONAL_BON","discloseDate":"2023-02-14","bulletinTitle":"关于2023年记账式附息（三期）国债上市交易的通知","bulletinClassic":"NATIONAL_BOND_BULLETIN","publishTime":"2023-02-14 15:16:40","bulletinUrl":"/disclosure/bond/announcement/bookentry/c/new/2023-02-14/019696_20230214_D85U.pdf","securityCode":"019696","securityAbbr":"23国债03"},{"discloseId":"20230210000205475MVMNATIONAL_BON","discloseDate":"2023-02-10","bulletinTitle":"关于2023年记账式贴现（九期）国债上市交易的通知","bulletinClassic":"NATIONAL_BOND_BULLETIN","publishTime":"2023-02-10 15:01:38","bulletinUrl":"/disclosure/bond/announcement/bookentry/c/new/2023-02-10/020547_20230210_5MVM.pdf","securityCode":"020547","securityAbbr":"23贴债09"},{"discloseId":"20230208000205461Q3XNATIONAL_BON","discloseDate":"2023-02-08","bulletinTitle":"关于2023年记账式贴现（八期）国债上市交易的通知","bulletinClassic":"NATIONAL_BOND_BULLETIN","publishTime":"2023-02-08 14:46:37","bulletinUrl":"/disclosure/bond/announcement/bookentry/c/new/2023-02-08/020546_20230208_1Q3X.pdf","securityCode":"020546","securityAbbr":"23贴债08"},{"discloseId":"2023020800020545UZR7NATIONAL_BON","discloseDate":"2023-02-08","bulletinTitle":"关于2023年记账式贴现（七期）国债上市交易的通知","bulletinClassic":"NATIONAL_BOND_BULLETIN","publishTime":"2023-02-08 14:46:38","bulletinUrl":"/disclosure/bond/announcement/bookentry/c/new/2023-02-08/020545_20230208_UZR7.pdf","securityCode":"020545","securityAbbr":"23贴债07"},{"discloseId":"2023020300020544UI80NATIONAL_BON","discloseDate":"2023-02-03","bulletinTitle":"关于2023年记账式贴现（六期）国债上市交易的通知","bulletinClassic":"NATIONAL_BOND_BULLETIN","publishTime":"2023-02-03 14:46:49","bulletinUrl":"/disclosure/bond/announcement/bookentry/c/new/2023-02-03/020544_20230203_UI80.pdf","securityCode":"020544","securityAbbr":"23贴债06"},{"discloseId":"2023020300020543FQPDNATIONAL_BON","discloseDate":"2023-02-03","bulletinTitle":"关于2023年记账式贴现（五期）国债上市交易的通知","bulletinClassic":"NATIONAL_BOND_BULLETIN","publishTime":"2023-02-03 14:46:49","bulletinUrl":"/disclosure/bond/announcement/bookentry/c/new/2023-02-03/020543_20230203_FQPD.pdf","securityCode":"020543","securityAbbr":"23贴债05"},{"discloseId":"2023011300020542H273NATIONAL_BON","discloseDate":"2023-01-13","bulletinTitle":"关于2023年记账式贴现（四期）国债上市交易的通知","bulletinClassic":"NATIONAL_BOND_BULLETIN","publishTime":"2023-01-13 15:01:46","bulletinUrl":"/disclosure/bond/announcement/bookentry/c/new/2023-01-13/020542_20230113_H273.pdf","securityCode":"020542","securityAbbr":"23贴债04"},{"discloseId":"2023011300019694HHF6NATIONAL_BON","discloseDate":"2023-01-13","bulletinTitle":"关于2023年记账式附息（一期）国债上市交易的通知","bulletinClassic":"NATIONAL_BOND_BULLETIN","publishTime":"2023-01-13 15:01:46","bulletinUrl":"/disclosure/bond/announcement/bookentry/c/new/2023-01-13/019694_20230113_HHF6.pdf","securityCode":"019694","securityAbbr":"23国债01"},{"discloseId":"2023011300020541I4YXNATIONAL_BON","discloseDate":"2023-01-13","bulletinTitle":"关于2023年记帐式贴现（三期）国债上市交易的通知","bulletinClassic":"NATIONAL_BOND_BULLETIN","publishTime":"2023-01-13 15:01:46","bulletinUrl":"/disclosure/bond/announcement/bookentry/c/new/2023-01-13/020541_20230113_I4YX.pdf","securityCode":"020541","securityAbbr":"23贴债03"},{"discloseId":"2023011300019695ZMONNATIONAL_BON","discloseDate":"2023-01-13","bulletinTitle":"关于2023年记账式附息（二期）国债上市交易的通知","bulletinClassic":"NATIONAL_BOND_BULLETIN","publishTime":"2023-01-13 15:01:45","bulletinUrl":"/disclosure/bond/announcement/bookentry/c/new/2023-01-13/019695_20230113_ZMON.pdf","securityCode":"019695","securityAbbr":"23国债02"},{"discloseId":"2023011100020540D9C9NATIONAL_BON","discloseDate":"2023-01-11","bulletinTitle":"关于2023年记账式贴现（二期）国债上市交易的通知","bulletinClassic":"NATIONAL_BOND_BULLETIN","publishTime":"2023-01-11 15:01:27","bulletinUrl":"/disclosure/bond/announcement/bookentry/c/new/2023-01-11/020540_20230111_D9C9.pdf","securityCode":"020540","securityAbbr":"23贴债02"},{"discloseId":"20230111000205395ZS8NATIONAL_BON","discloseDate":"2023-01-11","bulletinTitle":"关于2023年记账式贴现（一期）国债上市交易的通知","bulletinClassic":"NATIONAL_BOND_BULLETIN","publishTime":"2023-01-11 15:01:27","bulletinUrl":"/disclosure/bond/announcement/bookentry/c/new/2023-01-11/020539_20230111_5ZS8.pdf","securityCode":"020539","securityAbbr":"23贴债01"},{"discloseId":"2022122300020537KLUQNATIONAL_BON","discloseDate":"2022-12-23","bulletinTitle":"关于2022年记账式贴现（七十六期）国债上市交易的通知","bulletinClassic":"NATIONAL_BOND_BULLETIN","publishTime":"2022-12-23 14:46:29","bulletinUrl":"/disclosure/bond/announcement/bookentry/c/new/2022-12-23/020537_20221223_KLUQ.pdf","securityCode":"020537","securityAbbr":"22贴债76"},{"discloseId":"2022122300019693BEPUNATIONAL_BON","discloseDate":"2022-12-23","bulletinTitle":"关于2022年记账式附息（二十八期）国债上市交易的通知","bulletinClassic":"NATIONAL_BOND_BULLETIN","publishTime":"2022-12-23 14:46:29","bulletinUrl":"/disclosure/bond/announcement/bookentry/c/new/2022-12-23/019693_20221223_BEPU.pdf","securityCode":"019693","securityAbbr":"22国债28"},{"discloseId":"2022122300020538CODXNATIONAL_BON","discloseDate":"2022-12-23","bulletinTitle":"关于2022年记账式贴现（七十七期）国债上市交易的通知","bulletinClassic":"NATIONAL_BOND_BULLETIN","publishTime":"2022-12-23 14:46:28","bulletinUrl":"/disclosure/bond/announcement/bookentry/c/new/2022-12-23/020538_20221223_CODX.pdf","securityCode":"020538","securityAbbr":"22贴债77"},{"discloseId":"20221216000205366P25NATIONAL_BON","discloseDate":"2022-12-16","bulletinTitle":"关于2022年记账式贴现（七十五期）国债上市交易的通知","bulletinClassic":"NATIONAL_BOND_BULLETIN","publishTime":"2022-12-16 14:01:25","bulletinUrl":"/disclosure/bond/announcement/bookentry/c/new/2022-12-16/020536_20221216_6P25.pdf","securityCode":"020536","securityAbbr":"22贴债75"},{"discloseId":"2022121400020534KC6FNATIONAL_BON","discloseDate":"2022-12-14","bulletinTitle":"关于2022年记账式贴现（七十三期）国债上市交易的通知","bulletinClassic":"NATIONAL_BOND_BULLETIN","publishTime":"2022-12-14 14:01:34","bulletinUrl":"/disclosure/bond/announcement/bookentry/c/new/2022-12-14/020534_20221214_KC6F.pdf","securityCode":"020534","securityAbbr":"22贴债73"},{"discloseId":"2022121400019692N7J7NATIONAL_BON","discloseDate":"2022-12-14","bulletinTitle":"关于2022年记账式附息（二十七期）国债上市交易的通知","bulletinClassic":"NATIONAL_BOND_BULLETIN","publishTime":"2022-12-14 14:01:34","bulletinUrl":"/disclosure/bond/announcement/bookentry/c/new/2022-12-14/019692_20221214_N7J7.pdf","securityCode":"019692","securityAbbr":"22国债27"},{"discloseId":"20221214000205354HCGNATIONAL_BON","discloseDate":"2022-12-14","bulletinTitle":"关于2022年记账式贴现（七十四期）国债上市交易的通知","bulletinClassic":"NATIONAL_BOND_BULLETIN","publishTime":"2022-12-14 13:46:46","bulletinUrl":"/disclosure/bond/announcement/bookentry/c/new/2022-12-14/020535_20221214_4HCG.pdf","securityCode":"020535","securityAbbr":"22贴债74"},{"discloseId":"2022120900020533MJONNATIONAL_BON","discloseDate":"2022-12-09","bulletinTitle":"关于2022年记账式贴现（七十二期）国债上市交易的通知","bulletinClassic":"NATIONAL_BOND_BULLETIN","publishTime":"2022-12-09 13:46:38","bulletinUrl":"/disclosure/bond/announcement/bookentry/c/new/2022-12-09/020533_20221209_MJON.pdf","securityCode":"020533","securityAbbr":"22贴债72"},{"discloseId":"2022120900020532MYSQNATIONAL_BON","discloseDate":"2022-12-09","bulletinTitle":"关于2022年记账式贴现（七十一期）国债上市交易的通知","bulletinClassic":"NATIONAL_BOND_BULLETIN","publishTime":"2022-12-09 13:46:38","bulletinUrl":"/disclosure/bond/announcement/bookentry/c/new/2022-12-09/020532_20221209_MYSQ.pdf","securityCode":"020532","securityAbbr":"22贴债71"},{"discloseId":"2022120200020531E7SFNATIONAL_BON","discloseDate":"2022-12-02","bulletinTitle":"关于2022年记账式贴现（七十期）国债上市交易的通知","bulletinClassic":"NATIONAL_BOND_BULLETIN","publishTime":"2022-12-02 13:46:14","bulletinUrl":"/disclosure/bond/announcement/bookentry/c/new/2022-12-02/020531_20221202_E7SF.pdf","securityCode":"020531","securityAbbr":"22贴债70"},{"discloseId":"2022112500020530OT39NATIONAL_BON","discloseDate":"2022-11-25","bulletinTitle":"关于2022年记账式贴现（六十九期）国债上市交易的通知","bulletinClassic":"NATIONAL_BOND_BULLETIN","publishTime":"2022-11-25 14:16:18","bulletinUrl":"/disclosure/bond/announcement/bookentry/c/new/2022-11-25/020530_20221125_OT39.pdf","securityCode":"020530","securityAbbr":"22贴债69"},{"discloseId":"20221125000205297HHTNATIONAL_BON","discloseDate":"2022-11-25","bulletinTitle":"关于2022年记账式贴现（六十八期）国债上市交易的通知","bulletinClassic":"NATIONAL_BOND_BULLETIN","publishTime":"2022-11-25 14:16:18","bulletinUrl":"/disclosure/bond/announcement/bookentry/c/new/2022-11-25/020529_20221125_7HHT.pdf","securityCode":"020529","securityAbbr":"22贴债68"},{"discloseId":"20221124000196913HTSNATIONAL_BON","discloseDate":"2022-11-24","bulletinTitle":"关于2022年记账式附息（二十六期）国债上市交易的通知","bulletinClassic":"NATIONAL_BOND_BULLETIN","publishTime":"2022-11-24 14:31:38","bulletinUrl":"/disclosure/bond/announcement/bookentry/c/new/2022-11-24/019691_20221124_3HTS.pdf","securityCode":"019691","securityAbbr":"22国债26"},{"discloseId":"2022111800020528YLWYNATIONAL_BON","discloseDate":"2022-11-18","bulletinTitle":"关于2022年记账式贴现（六十七期）国债上市交易的通知","bulletinClassic":"NATIONAL_BOND_BULLETIN","publishTime":"2022-11-18 14:16:46","bulletinUrl":"/disclosure/bond/announcement/bookentry/c/new/2022-11-18/020528_20221118_YLWY.pdf","securityCode":"020528","securityAbbr":"22贴债67"},{"discloseId":"202211140001969041YANATIONAL_BON","discloseDate":"2022-11-14","bulletinTitle":"关于2022年记账式附息（二十五期）国债上市交易的通知","bulletinClassic":"NATIONAL_BOND_BULLETIN","publishTime":"2022-11-14 14:31:15","bulletinUrl":"/disclosure/bond/announcement/bookentry/c/new/2022-11-14/019690_20221114_41YA.pdf","securityCode":"019690","securityAbbr":"22国债25"},{"discloseId":"2022111100020527QOO8NATIONAL_BON","discloseDate":"2022-11-11","bulletinTitle":"关于2022年记账式贴现（六十六期）国债上市交易的通知","bulletinClassic":"NATIONAL_BOND_BULLETIN","publishTime":"2022-11-11 14:04:00","bulletinUrl":"/disclosure/bond/announcement/bookentry/c/new/2022-11-11/020527_20221111_QOO8.pdf","securityCode":"020527","securityAbbr":"22贴债66"},{"discloseId":"2022111100020526E8R1NATIONAL_BON","discloseDate":"2022-11-11","bulletinTitle":"关于2022年记账式贴现（六十五期）国债上市交易的通知","bulletinClassic":"NATIONAL_BOND_BULLETIN","publishTime":"2022-11-11 14:03:57","bulletinUrl":"/disclosure/bond/announcement/bookentry/c/new/2022-11-11/020526_20221111_E8R1.pdf","securityCode":"020526","securityAbbr":"22贴债65"},{"discloseId":"202211090002052589V3NATIONAL_BON","discloseDate":"2022-11-09","bulletinTitle":"关于2022年记账式贴现（六十四期）国债上市交易的通知","bulletinClassic":"NATIONAL_BOND_BULLETIN","publishTime":"2022-11-09 14:01:44","bulletinUrl":"/disclosure/bond/announcement/bookentry/c/new/2022-11-09/020525_20221109_89V3.pdf","securityCode":"020525","securityAbbr":"22贴债64"},{"discloseId":"2022110900020524VXAVNATIONAL_BON","discloseDate":"2022-11-09","bulletinTitle":"关于2022年记账式贴现（六十三期）国债上市交易的通知","bulletinClassic":"NATIONAL_BOND_BULLETIN","publishTime":"2022-11-09 14:01:44","bulletinUrl":"/disclosure/bond/announcement/bookentry/c/new/2022-11-09/020524_20221109_VXAV.pdf","securityCode":"020524","securityAbbr":"22贴债63"},{"discloseId":"2022110400020523QJPGNATIONAL_BON","discloseDate":"2022-11-04","bulletinTitle":"关于2022年记账式贴现（六十二期）国债上市交易的通知","bulletinClassic":"NATIONAL_BOND_BULLETIN","publishTime":"2022-11-04 15:01:42","bulletinUrl":"/disclosure/bond/announcement/bookentry/c/new/2022-11-04/020523_20221104_QJPG.pdf","securityCode":"020523","securityAbbr":"22贴债62"},{"discloseId":"20221028000205220001NATIONAL_BON","discloseDate":"2022-10-28","bulletinTitle":"关于2022年记账式贴现（六十一期）国债上市交易的通知","bulletinClassic":"NATIONAL_BOND_BULLETIN","publishTime":"2022-10-28 14:01:17","bulletinUrl":"/disclosure/bond/announcement/bookentry/c/new/2022-10-28/020522_20221028_1_lfjNR5u1.pdf","securityCode":"020522","securityAbbr":"22贴债61"},{"discloseId":"20221024000196880001NATIONAL_BON","discloseDate":"2022-10-24","bulletinTitle":"关于2022年记账式附息（二十三期）国债上市交易的通知","bulletinClassic":"NATIONAL_BOND_BULLETIN","publishTime":"2022-10-24 13:46:42","bulletinUrl":"/disclosure/bond/announcement/bookentry/c/new/2022-10-24/019688_20221024_1_KPyzmBnu.pdf","securityCode":"019688","securityAbbr":"22国债23"},{"discloseId":"20221024000196890001NATIONAL_BON","discloseDate":"2022-10-24","bulletinTitle":"关于2022年记账式附息（二十四期）国债上市交易的通知","bulletinClassic":"NATIONAL_BOND_BULLETIN","publishTime":"2022-10-24 13:46:42","bulletinUrl":"/disclosure/bond/announcement/bookentry/c/new/2022-10-24/019689_20221024_1_sVXdtsrn.pdf","securityCode":"019689","securityAbbr":"22国债24"},{"discloseId":"20221021000205210001NATIONAL_BON","discloseDate":"2022-10-21","bulletinTitle":"关于2022年记账式贴现（六十期）国债上市交易的通知","bulletinClassic":"NATIONAL_BOND_BULLETIN","publishTime":"2022-10-21 14:31:53","bulletinUrl":"/disclosure/bond/announcement/bookentry/c/new/2022-10-21/020521_20221021_1_KW23Kzng.pdf","securityCode":"020521","securityAbbr":"22贴债60"},{"discloseId":"20221019000205200001NATIONAL_BON","discloseDate":"2022-10-19","bulletinTitle":"关于2022年记账式贴现（五十九期）国债上市交易的通知","bulletinClassic":"NATIONAL_BOND_BULLETIN","publishTime":"2022-10-19 14:16:07","bulletinUrl":"/disclosure/bond/announcement/bookentry/c/new/2022-10-19/020520_20221019_1_9p3gpBp2.pdf","securityCode":"020520","securityAbbr":"22贴债59"},{"discloseId":"20221014000205190001NATIONAL_BON","discloseDate":"2022-10-14","bulletinTitle":"关于2022年记账式贴现（五十八期）国债上市交易的通知","bulletinClassic":"NATIONAL_BOND_BULLETIN","publishTime":"2022-10-14 14:16:09","bulletinUrl":"/disclosure/bond/announcement/bookentry/c/new/2022-10-14/020519_20221014_1_wYcPePaC.pdf","securityCode":"020519","securityAbbr":"22贴债58"},{"discloseId":"20221014000205180001NATIONAL_BON","discloseDate":"2022-10-14","bulletinTitle":"关于2022年记账式贴现（五十七期）国债上市交易的通知","bulletinClassic":"NATIONAL_BOND_BULLETIN","publishTime":"2022-10-14 14:16:09","bulletinUrl":"/disclosure/bond/announcement/bookentry/c/new/2022-10-14/020518_20221014_1_cGDtp6ht.pdf","securityCode":"020518","securityAbbr":"22贴债57"},{"discloseId":"20221014000196870001NATIONAL_BON","discloseDate":"2022-10-14","bulletinTitle":"关于2022年记账式附息（二十二期）国债上市交易的通知","bulletinClassic":"NATIONAL_BOND_BULLETIN","publishTime":"2022-10-14 14:16:09","bulletinUrl":"/disclosure/bond/announcement/bookentry/c/new/2022-10-14/019687_20221014_1_tZAvGbk4.pdf","securityCode":"019687","securityAbbr":"22国债22"},{"discloseId":"20221012000205170001NATIONAL_BON","discloseDate":"2022-10-12","bulletinTitle":"关于2022年记账式贴现（五十六期）国债上市交易的通知","bulletinClassic":"NATIONAL_BOND_BULLETIN","publishTime":"2022-10-12 14:01:24","bulletinUrl":"/disclosure/bond/announcement/bookentry/c/new/2022-10-12/020517_20221012_1_vFkb1wBj.pdf","securityCode":"020517","securityAbbr":"22贴债56"},{"discloseId":"20221012000205160001NATIONAL_BON","discloseDate":"2022-10-12","bulletinTitle":"关于2022年记账式贴现（五十五期）国债上市交易的通知","bulletinClassic":"NATIONAL_BOND_BULLETIN","publishTime":"2022-10-12 14:01:08","bulletinUrl":"/disclosure/bond/announcement/bookentry/c/new/2022-10-12/020516_20221012_1_DJIDClKA.pdf","securityCode":"020516","securityAbbr":"22贴债55"},{"discloseId":"20220923000205150001NATIONAL_BON","discloseDate":"2022-09-23","bulletinTitle":"关于2022年记账式贴现（五十四期）国债上市交易的通知","bulletinClassic":"NATIONAL_BOND_BULLETIN","publishTime":"2022-09-23 13:46:06","bulletinUrl":"/disclosure/bond/announcement/bookentry/c/new/2022-09-23/020515_20220923_1_CBcRiDO3.pdf","securityCode":"020515","securityAbbr":"22贴债54"},{"discloseId":"20220923000205140001NATIONAL_BON","discloseDate":"2022-09-23","bulletinTitle":"关于2022年记账式贴现（五十三期）国债上市交易的通知","bulletinClassic":"NATIONAL_BOND_BULLETIN","publishTime":"2022-09-23 13:46:05","bulletinUrl":"/disclosure/bond/announcement/bookentry/c/new/2022-09-23/020514_20220923_1_ANSbwpX6.pdf","securityCode":"020514","securityAbbr":"22贴债53"},{"discloseId":"20220923000196860001NATIONAL_BON","discloseDate":"2022-09-23","bulletinTitle":"关于2022年记账式附息（二十一期）国债上市交易的通知","bulletinClassic":"NATIONAL_BOND_BULLETIN","publishTime":"2022-09-23 13:46:05","bulletinUrl":"/disclosure/bond/announcement/bookentry/c/new/2022-09-23/019686_20220923_1_xF0gvakQ.pdf","securityCode":"019686","securityAbbr":"22国债21"},{"discloseId":"20220916000205130001NATIONAL_BON","discloseDate":"2022-09-16","bulletinTitle":"关于2022年记账式贴现（五十二期）国债上市交易的通知","bulletinClassic":"NATIONAL_BOND_BULLETIN","publishTime":"2022-09-16 13:46:15","bulletinUrl":"/disclosure/bond/announcement/bookentry/c/new/2022-09-16/020513_20220916_1_2yPhiYqF.pdf","securityCode":"020513","securityAbbr":"22贴债52"},{"discloseId":"20220914000196850001NATIONAL_BON","discloseDate":"2022-09-14","bulletinTitle":"关于2022年记账式附息（二十期）国债上市交易的通知","bulletinClassic":"NATIONAL_BOND_BULLETIN","publishTime":"2022-09-14 13:46:21","bulletinUrl":"/disclosure/bond/announcement/bookentry/c/new/2022-09-14/019685_20220914_1_PkGR3ogS.pdf","securityCode":"019685","securityAbbr":"22国债20"},{"discloseId":"20220909000205120001NATIONAL_BON","discloseDate":"2022-09-09","bulletinTitle":"关于2022年记账式贴现（五十一期）国债上市交易的通知","bulletinClassic":"NATIONAL_BOND_BULLETIN","publishTime":"2022-09-09 14:01:14","bulletinUrl":"/disclosure/bond/announcement/bookentry/c/new/2022-09-09/020512_20220909_1_q7dubkab.pdf","securityCode":"020512","securityAbbr":"22贴债51"},{"discloseId":"20220909000205110001NATIONAL_BON","discloseDate":"2022-09-09","bulletinTitle":"关于2022年记账式贴现（五十期）国债上市交易的通知","bulletinClassic":"NATIONAL_BOND_BULLETIN","publishTime":"2022-09-09 14:01:14","bulletinUrl":"/disclosure/bond/announcement/bookentry/c/new/2022-09-09/020511_20220909_1_Zw1V39aW.pdf","securityCode":"020511","securityAbbr":"22贴债50"},{"discloseId":"20220907000205090001NATIONAL_BON","discloseDate":"2022-09-07","bulletinTitle":"关于2022年记账式贴现（四十八期）国债上市交易的通知","bulletinClassic":"NATIONAL_BOND_BULLETIN","publishTime":"2022-09-07 14:16:04","bulletinUrl":"/disclosure/bond/announcement/bookentry/c/new/2022-09-07/020509_20220907_1_48hHQbfQ.pdf","securityCode":"020509","securityAbbr":"22贴债48"},{"discloseId":"20220907000205100001NATIONAL_BON","discloseDate":"2022-09-07","bulletinTitle":"关于2022年记账式贴现（四十九期）国债上市交易的通知","bulletinClassic":"NATIONAL_BOND_BULLETIN","publishTime":"2022-09-07 14:16:03","bulletinUrl":"/disclosure/bond/announcement/bookentry/c/new/2022-09-07/020510_20220907_1_JhdLGA8G.pdf","securityCode":"020510","securityAbbr":"22贴债49"},{"discloseId":"20220902000205080001NATIONAL_BON","discloseDate":"2022-09-02","bulletinTitle":"关于2022年记账式贴现（四十七期）国债上市交易的通知","bulletinClassic":"NATIONAL_BOND_BULLETIN","publishTime":"2022-09-02 14:16:39","bulletinUrl":"/disclosure/bond/announcement/bookentry/c/new/2022-09-02/020508_20220902_1_GQu226DB.pdf","securityCode":"020508","securityAbbr":"22贴债47"},{"discloseId":"20220831000196840001NATIONAL_BON","discloseDate":"2022-08-31","bulletinTitle":"关于2022年记账式附息（十九期）国债上市交易的通知","bulletinClassic":"NATIONAL_BOND_BULLETIN","publishTime":"2022-08-31 15:24:57","bulletinUrl":"/disclosure/bond/announcement/bookentry/c/new/2022-08-31/019684_20220831_1_mNJUQuIi.pdf","securityCode":"019684","securityAbbr":"22国债19"},{"discloseId":"20220826000205070001NATIONAL_BON","discloseDate":"2022-08-26","bulletinTitle":"关于2022年记账式贴现（四十六期）国债上市交易的通知","bulletinClassic":"NATIONAL_BOND_BULLETIN","publishTime":"2022-08-26 15:16:06","bulletinUrl":"/disclosure/bond/announcement/bookentry/c/new/2022-08-26/020507_20220826_1_1O7zZzUq.pdf","securityCode":"020507","securityAbbr":"22贴债46"},{"discloseId":"20220826000205060001NATIONAL_BON","discloseDate":"2022-08-26","bulletinTitle":"关于2022年记账式贴现（四十五期）国债上市交易的通知","bulletinClassic":"NATIONAL_BOND_BULLETIN","publishTime":"2022-08-26 15:14:54","bulletinUrl":"/disclosure/bond/announcement/bookentry/c/new/2022-08-26/020506_20220826_1_uExRlBne.pdf","securityCode":"020506","securityAbbr":"22贴债45"},{"discloseId":"20220824000196830001NATIONAL_BON","discloseDate":"2022-08-24","bulletinTitle":"关于2022年记账式附息（十八期）国债上市交易的通知","bulletinClassic":"NATIONAL_BOND_BULLETIN","publishTime":"2022-08-24 14:31:28","bulletinUrl":"/disclosure/bond/announcement/bookentry/c/new/2022-08-24/019683_20220824_1_CqJZCdZG.pdf","securityCode":"019683","securityAbbr":"22国债18"},{"discloseId":"20220819000205050001NATIONAL_BON","discloseDate":"2022-08-19","bulletinTitle":"关于2022年记账式贴现（四十四期）国债上市交易的通知","bulletinClassic":"NATIONAL_BOND_BULLETIN","publishTime":"2022-08-19 14:30:52","bulletinUrl":"/disclosure/bond/announcement/bookentry/c/new/2022-08-19/020505_20220819_1_yauUGkcA.pdf","securityCode":"020505","securityAbbr":"22贴债44"},{"discloseId":"20220812000205040001NATIONAL_BON","discloseDate":"2022-08-12","bulletinTitle":"关于2022年记账式贴现（四十三期）国债上市交易的通知","bulletinClassic":"NATIONAL_BOND_BULLETIN","publishTime":"2022-08-12 14:01:30","bulletinUrl":"/disclosure/bond/announcement/bookentry/c/new/2022-08-12/020504_20220812_1_0jfOzH7R.pdf","securityCode":"020504","securityAbbr":"22贴债43"},{"discloseId":"20220812000196820001NATIONAL_BON","discloseDate":"2022-08-12","bulletinTitle":"关于2022年记账式附息（十七期）国债上市交易的通知","bulletinClassic":"NATIONAL_BOND_BULLETIN","publishTime":"2022-08-12 14:01:15","bulletinUrl":"/disclosure/bond/announcement/bookentry/c/new/2022-08-12/019682_20220812_1_OjxE90VP.pdf","securityCode":"019682","securityAbbr":"22国债17"},{"discloseId":"20220805000205020001NATIONAL_BON","discloseDate":"2022-08-05","bulletinTitle":"关于2022年记账式贴现（四十一期）国债上市交易的通知","bulletinClassic":"NATIONAL_BOND_BULLETIN","publishTime":"2022-08-05 14:31:00","bulletinUrl":"/disclosure/bond/announcement/bookentry/c/new/2022-08-05/020502_20220805_1_cx3ZonZf.pdf","securityCode":"020502","securityAbbr":"22贴债41"},{"discloseId":"20220805000205030001NATIONAL_BON","discloseDate":"2022-08-05","bulletinTitle":"关于2022年记账式贴现（四十二期）国债上市交易的通知","bulletinClassic":"NATIONAL_BOND_BULLETIN","publishTime":"2022-08-05 14:31:00","bulletinUrl":"/disclosure/bond/announcement/bookentry/c/new/2022-08-05/020503_20220805_1_7dPxxPlh.pdf","securityCode":"020503","securityAbbr":"22贴债42"},{"discloseId":"20220803000205010001NATIONAL_BON","discloseDate":"2022-08-03","bulletinTitle":"关于2022年记账式贴现（四十期）国债上市交易的通知","bulletinClassic":"NATIONAL_BOND_BULLETIN","publishTime":"2022-08-03 14:16:08","bulletinUrl":"/disclosure/bond/announcement/bookentry/c/new/2022-08-03/020501_20220803_1_yWTNaH0b.pdf","securityCode":"020501","securityAbbr":"22贴债40"},{"discloseId":"20220803000205000001NATIONAL_BON","discloseDate":"2022-08-03","bulletinTitle":"关于2022年记账式贴现（三十九期）国债上市交易的通知","bulletinClassic":"NATIONAL_BOND_BULLETIN","publishTime":"2022-08-03 14:15:43","bulletinUrl":"/disclosure/bond/announcement/bookentry/c/new/2022-08-03/020500_20220803_1_PloZ5M8B.pdf","securityCode":"020500","securityAbbr":"22贴债39"},{"discloseId":"20220729000204980001NATIONAL_BON","discloseDate":"2022-07-29","bulletinTitle":"关于2022年记账式贴现（三十七期）国债上市交易的通知","bulletinClassic":"NATIONAL_BOND_BULLETIN","publishTime":"2022-07-29 14:46:13","bulletinUrl":"/disclosure/bond/announcement/bookentry/c/new/2022-07-29/020498_20220729_1_Z0rVqGbu.pdf","securityCode":"020498","securityAbbr":"22贴债37"},{"discloseId":"20220729000204990001NATIONAL_BON","discloseDate":"2022-07-29","bulletinTitle":"关于2022年记账式贴现（三十八期）国债上市交易的通知","bulletinClassic":"NATIONAL_BOND_BULLETIN","publishTime":"2022-07-29 14:46:05","bulletinUrl":"/disclosure/bond/announcement/bookentry/c/new/2022-07-29/020499_20220729_1_PTBOXX71.pdf","securityCode":"020499","securityAbbr":"22贴债38"},{"discloseId":"20220722000196810001NATIONAL_BON","discloseDate":"2022-07-22","bulletinTitle":"关于2022年记账式附息（十六期）国债上市交易的通知","bulletinClassic":"NATIONAL_BOND_BULLETIN","publishTime":"2022-07-22 13:46:03","bulletinUrl":"/disclosure/bond/announcement/bookentry/c/new/2022-07-22/019681_20220722_1_kfTOUuho.pdf","securityCode":"019681","securityAbbr":"22国债16"},{"discloseId":"20220722000204970001NATIONAL_BON","discloseDate":"2022-07-22","bulletinTitle":"关于2022年记账式贴现（三十六期）国债上市交易的通知","bulletinClassic":"NATIONAL_BOND_BULLETIN","publishTime":"2022-07-22 13:45:34","bulletinUrl":"/disclosure/bond/announcement/bookentry/c/new/2022-07-22/020497_20220722_1_Xeu6oGT2.pdf","securityCode":"020497","securityAbbr":"22贴债36"},{"discloseId":"20220715000204950001NATIONAL_BON","discloseDate":"2022-07-15","bulletinTitle":"关于2022年记账式贴现（三十四期）国债上市交易的通知","bulletinClassic":"NATIONAL_BOND_BULLETIN","publishTime":"2022-07-15 14:59:26","bulletinUrl":"/disclosure/bond/announcement/bookentry/c/new/2022-07-15/020495_20220715_1_Cz9fzC0u.pdf","securityCode":"020495","securityAbbr":"22贴债34"},{"discloseId":"20220715000204960001NATIONAL_BON","discloseDate":"2022-07-15","bulletinTitle":"关于2022年记账式贴现（三十五期）国债上市交易的通知","bulletinClassic":"NATIONAL_BOND_BULLETIN","publishTime":"2022-07-15 14:59:11","bulletinUrl":"/disclosure/bond/announcement/bookentry/c/new/2022-07-15/020496_20220715_1_dOmgTljj.pdf","securityCode":"020496","securityAbbr":"22贴债35"},{"discloseId":"20220714000196790001NATIONAL_BON","discloseDate":"2022-07-14","bulletinTitle":"关于2022年记账式附息（十四期）国债上市交易的通知","bulletinClassic":"NATIONAL_BOND_BULLETIN","publishTime":"2022-07-14 14:01:27","bulletinUrl":"/disclosure/bond/announcement/bookentry/c/new/2022-07-14/019679_20220714_1_kOR4ffGq.pdf","securityCode":"019679","securityAbbr":"22国债14"},{"discloseId":"20220714000196800001NATIONAL_BON","discloseDate":"2022-07-14","bulletinTitle":"关于2022年记账式附息（十五期）国债上市交易的通知","bulletinClassic":"NATIONAL_BOND_BULLETIN","publishTime":"2022-07-14 14:01:27","bulletinUrl":"/disclosure/bond/announcement/bookentry/c/new/2022-07-14/019680_20220714_1_FcyY0qQT.pdf","securityCode":"019680","securityAbbr":"22国债15"},{"discloseId":"20220708000204940001NATIONAL_BON","discloseDate":"2022-07-08","bulletinTitle":"关于2022年记账式贴现（三十三期）国债上市交易的通知","bulletinClassic":"NATIONAL_BOND_BULLETIN","publishTime":"2022-07-08 14:14:18","bulletinUrl":"/disclosure/bond/announcement/bookentry/c/new/2022-07-08/020494_20220708_1_tQ3rDUgE.pdf","securityCode":"020494","securityAbbr":"22贴债33"},{"discloseId":"20220706000204920001NATIONAL_BON","discloseDate":"2022-07-06","bulletinTitle":"关于2022年记账式贴现（三十一期）国债上市交易的通知","bulletinClassic":"NATIONAL_BOND_BULLETIN","publishTime":"2022-07-06 14:14:12","bulletinUrl":"/disclosure/bond/announcement/bookentry/c/new/2022-07-06/020492_20220706_1_fktsncVO.pdf","securityCode":"020492","securityAbbr":"22贴债31"},{"discloseId":"20220706000204930001NATIONAL_BON","discloseDate":"2022-07-06","bulletinTitle":"关于2022年记账式贴现（三十二期）国债上市交易的通知","bulletinClassic":"NATIONAL_BOND_BULLETIN","publishTime":"2022-07-06 14:13:58","bulletinUrl":"/disclosure/bond/announcement/bookentry/c/new/2022-07-06/020493_20220706_1_FLVyyWOT.pdf","securityCode":"020493","securityAbbr":"22贴债32"},{"discloseId":"20220701000204910001NATIONAL_BON","discloseDate":"2022-07-01","bulletinTitle":"关于2022年记账式贴现（三十期）国债上市交易的通知","bulletinClassic":"NATIONAL_BOND_BULLETIN","publishTime":"2022-07-01 14:44:42","bulletinUrl":"/disclosure/bond/announcement/bookentry/c/new/2022-07-01/020491_20220701_1_P31gxczO.pdf","securityCode":"020491","securityAbbr":"22贴债30"},{"discloseId":"20220624000196780001NATIONAL_BON","discloseDate":"2022-06-24","bulletinTitle":"关于2022年记账式附息（十三期）国债上市交易的通知","bulletinClassic":"NATIONAL_BOND_BULLETIN","publishTime":"2022-06-24 15:31:29","bulletinUrl":"/disclosure/bond/announcement/bookentry/c/new/2022-06-24/019678_20220624_1_bKDoOONY.pdf","securityCode":"019678","securityAbbr":"22国债13"},{"discloseId":"20220624000204900001NATIONAL_BON","discloseDate":"2022-06-24","bulletinTitle":"关于2022年记账式贴现（二十九期）国债上市交易的通知","bulletinClassic":"NATIONAL_BOND_BULLETIN","publishTime":"2022-06-24 14:59:10","bulletinUrl":"/disclosure/bond/announcement/bookentry/c/new/2022-06-24/020490_20220624_1_mKPYyxSj.pdf","securityCode":"020490","securityAbbr":"22贴债29"},{"discloseId":"20220617000204870001NATIONAL_BON","discloseDate":"2022-06-17","bulletinTitle":"关于2022年记账式贴现（二十六期）国债上市交易的通知","bulletinClassic":"NATIONAL_BOND_BULLETIN","publishTime":"2022-06-17 15:31:28","bulletinUrl":"/disclosure/bond/announcement/bookentry/c/new/2022-06-17/020487_20220617_1_3PmmEweb.pdf","securityCode":"020487","securityAbbr":"22贴债26"},{"discloseId":"20220614000204890001NATIONAL_BON","discloseDate":"2022-06-14","bulletinTitle":"关于2022年记账式贴现（二十八期）国债上市交易的通知","bulletinClassic":"NATIONAL_BOND_BULLETIN","publishTime":"2022-06-14 14:59:14","bulletinUrl":"/disclosure/bond/announcement/bookentry/c/new/2022-06-14/020489_20220614_1_cRbIcnrE.pdf","securityCode":"020489","securityAbbr":"22贴债28"},{"discloseId":"20220614000196770001NATIONAL_BON","discloseDate":"2022-06-14","bulletinTitle":"关于2022年记账式附息（十二期）国债上市交易的通知","bulletinClassic":"NATIONAL_BOND_BULLETIN","publishTime":"2022-06-14 14:59:18","bulletinUrl":"/disclosure/bond/announcement/bookentry/c/new/2022-06-14/019677_20220614_1_9Pvy8Hx5.pdf","securityCode":"019677","securityAbbr":"22国债12"},{"discloseId":"20220614000204880001NATIONAL_BON","discloseDate":"2022-06-14","bulletinTitle":"关于2022年记账式贴现（二十七期）国债上市交易的通知","bulletinClassic":"NATIONAL_BOND_BULLETIN","publishTime":"2022-06-14 14:59:14","bulletinUrl":"/disclosure/bond/announcement/bookentry/c/new/2022-06-14/020488_20220614_1_lFoEVlOD.pdf","securityCode":"020488","securityAbbr":"22贴债27"},{"discloseId":"20220610000204860001NATIONAL_BON","discloseDate":"2022-06-10","bulletinTitle":"关于2022年记账式贴现（二十五期）国债上市交易的通知","bulletinClassic":"NATIONAL_BOND_BULLETIN","publishTime":"2022-06-10 15:29:46","bulletinUrl":"/disclosure/bond/announcement/bookentry/c/new/2022-06-10/020486_20220610_1_sqtVdRmj.pdf","securityCode":"020486","securityAbbr":"22贴债25"},{"discloseId":"20220610000204850001NATIONAL_BON","discloseDate":"2022-06-10","bulletinTitle":"关于2022年记账式贴现（二十四期）国债上市交易的通知","bulletinClassic":"NATIONAL_BOND_BULLETIN","publishTime":"2022-06-10 15:29:33","bulletinUrl":"/disclosure/bond/announcement/bookentry/c/new/2022-06-10/020485_20220610_1_oh3JvHBI.pdf","securityCode":"020485","securityAbbr":"22贴债24"},{"discloseId":"20220527000204840001NATIONAL_BON","discloseDate":"2022-05-27","bulletinTitle":"关于2022年记账式贴现（二十三期）国债上市交易的通知","bulletinClassic":"NATIONAL_BOND_BULLETIN","publishTime":"2022-05-27 14:44:42","bulletinUrl":"/disclosure/bond/announcement/bookentry/c/new/2022-05-27/020484_20220527_1_XnJ14QTJ.pdf","securityCode":"020484","securityAbbr":"22贴债23"},{"discloseId":"20220524000196760001NATIONAL_BON","discloseDate":"2022-05-24","bulletinTitle":"关于2022年记账式附息（十一期）国债上市交易的通知","bulletinClassic":"NATIONAL_BOND_BULLETIN","publishTime":"2022-05-24 15:00:00","bulletinUrl":"/disclosure/bond/announcement/bookentry/c/new/2022-05-24/019676_20220524_1_QflcGOug.pdf","securityCode":"019676","securityAbbr":"22国债11"},{"discloseId":"20220520000204830001NATIONAL_BON","discloseDate":"2022-05-20","bulletinTitle":"关于2022年记账式贴现（二十二期）国债上市交易的通知","bulletinClassic":"NATIONAL_BOND_BULLETIN","publishTime":"2022-05-20 15:00:30","bulletinUrl":"/disclosure/bond/announcement/bookentry/c/new/2022-05-20/020483_20220520_1_CFCjVmEk.pdf","securityCode":"020483","securityAbbr":"22贴债22"},{"discloseId":"20220513000196750001NATIONAL_BON","discloseDate":"2022-05-13","bulletinTitle":"关于2022年记账式附息（十期）国债上市交易的通知","bulletinClassic":"NATIONAL_BOND_BULLETIN","publishTime":"2022-05-13 15:29:55","bulletinUrl":"/disclosure/bond/announcement/bookentry/c/new/2022-05-13/019675_20220513_1_MF1Ve1b2.pdf","securityCode":"019675","securityAbbr":"22国债10"},{"discloseId":"20220513000204820001NATIONAL_BON","discloseDate":"2022-05-13","bulletinTitle":"关于2022年记账式贴现（二十一期）国债上市交易的通知","bulletinClassic":"NATIONAL_BOND_BULLETIN","publishTime":"2022-05-13 15:29:53","bulletinUrl":"/disclosure/bond/announcement/bookentry/c/new/2022-05-13/020482_20220513_1_xzkUHMHl.pdf","securityCode":"020482","securityAbbr":"22贴债21"},{"discloseId":"20220511000204810001NATIONAL_BON","discloseDate":"2022-05-11","bulletinTitle":"关于2022年记账式贴现（二十期）国债上市交易的通知","bulletinClassic":"NATIONAL_BOND_BULLETIN","publishTime":"2022-05-11 15:00:04","bulletinUrl":"/disclosure/bond/announcement/bookentry/c/new/2022-05-11/020481_20220511_1_dsK9aOwI.pdf","securityCode":"020481","securityAbbr":"22贴债20"},{"discloseId":"20220511000204800001NATIONAL_BON","discloseDate":"2022-05-11","bulletinTitle":"关于2022年记账式贴现（十九期）国债上市交易的通知","bulletinClassic":"NATIONAL_BOND_BULLETIN","publishTime":"2022-05-11 15:00:04","bulletinUrl":"/disclosure/bond/announcement/bookentry/c/new/2022-05-11/020480_20220511_1_RcURAfXz.pdf","securityCode":"020480","securityAbbr":"22贴债19"},{"discloseId":"20220506000204780001NATIONAL_BON","discloseDate":"2022-05-06","bulletinTitle":"关于2022年记账式贴现（十七期）国债上市交易的通知","bulletinClassic":"NATIONAL_BOND_BULLETIN","publishTime":"2022-05-06 14:59:54","bulletinUrl":"/disclosure/bond/announcement/bookentry/c/new/2022-05-06/020478_20220506_1_T5hallJ7.pdf","securityCode":"020478","securityAbbr":"22贴债17"},{"discloseId":"20220506000204790001NATIONAL_BON","discloseDate":"2022-05-06","bulletinTitle":"关于2022年记账式贴现（十八期）国债上市交易的通知","bulletinClassic":"NATIONAL_BOND_BULLETIN","publishTime":"2022-05-06 14:59:42","bulletinUrl":"/disclosure/bond/announcement/bookentry/c/new/2022-05-06/020479_20220506_1_AnskNVx1.pdf","securityCode":"020479","securityAbbr":"22贴债18"},{"discloseId":"20220422000204770001NATIONAL_BON","discloseDate":"2022-04-22","bulletinTitle":"关于2022年记账式贴现（十六期）国债上市交易的通知","bulletinClassic":"NATIONAL_BOND_BULLETIN","publishTime":"2022-04-22 13:45:06","bulletinUrl":"/disclosure/bond/announcement/bookentry/c/new/2022-04-22/020477_20220422_1_GhXZsBMu.pdf","securityCode":"020477","securityAbbr":"22贴债16"},{"discloseId":"20220422000196740001NATIONAL_BON","discloseDate":"2022-04-22","bulletinTitle":"关于2022年记账式附息（九期）国债上市交易的通知","bulletinClassic":"NATIONAL_BOND_BULLETIN","publishTime":"2022-04-22 13:45:06","bulletinUrl":"/disclosure/bond/announcement/bookentry/c/new/2022-04-22/019674_20220422_1_HkWvyb6i.pdf","securityCode":"019674","securityAbbr":"22国债09"},{"discloseId":"20220415000204760001NATIONAL_BON","discloseDate":"2022-04-15","bulletinTitle":"关于2022年记账式贴现(十五期)国债上市交易的通知","bulletinClassic":"NATIONAL_BOND_BULLETIN","publishTime":"2022-04-15 14:30:14","bulletinUrl":"/disclosure/bond/announcement/bookentry/c/new/2022-04-15/020476_20220415_1_MgukA9DX.pdf","securityCode":"020476","securityAbbr":"22贴债15"},{"discloseId":"20220414000196730001NATIONAL_BON","discloseDate":"2022-04-14","bulletinTitle":"关于2022年记账式附息（八期）国债上市交易的通知","bulletinClassic":"NATIONAL_BOND_BULLETIN","publishTime":"2022-04-14 13:45:31","bulletinUrl":"/disclosure/bond/announcement/bookentry/c/new/2022-04-14/019673_20220414_1_HaKoduEY.pdf","securityCode":"019673","securityAbbr":"22国债08"},{"discloseId":"20220414000196720001NATIONAL_BON","discloseDate":"2022-04-14","bulletinTitle":"关于2022年记账式附息（七期）国债上市交易的通知","bulletinClassic":"NATIONAL_BOND_BULLETIN","publishTime":"2022-04-14 13:45:31","bulletinUrl":"/disclosure/bond/announcement/bookentry/c/new/2022-04-14/019672_20220414_1_DmGK7Xvl.pdf","securityCode":"019672","securityAbbr":"22国债07"},{"discloseId":"20220408000204750001NATIONAL_BON","discloseDate":"2022-04-08","bulletinTitle":"关于2022年记账式贴现（十四期）国债上市交易的通知","bulletinClassic":"NATIONAL_BOND_BULLETIN","publishTime":"2022-04-08 14:45:29","bulletinUrl":"/disclosure/bond/announcement/bookentry/c/new/2022-04-08/020475_20220408_1_XOVsqTEg.pdf","securityCode":"020475","securityAbbr":"22贴债14"},{"discloseId":"20220408000204740001NATIONAL_BON","discloseDate":"2022-04-08","bulletinTitle":"关于2022年记账式贴现(十三期)国债上市交易的通知","bulletinClassic":"NATIONAL_BOND_BULLETIN","publishTime":"2022-04-08 14:45:29","bulletinUrl":"/disclosure/bond/announcement/bookentry/c/new/2022-04-08/020474_20220408_1_TjsDlSNZ.pdf","securityCode":"020474","securityAbbr":"22贴债13"}]}