{
  "publishStatus": 1,
  "publishData": [
    {
      "discloseId": "2023022300688076TU84K_LC_BULLETI",
      "discloseDate": "2023-02-23",
      "bulletinTitle": "诺泰生物：关于自愿披露通过高新技术企业重新认定的公告",
      "bulletinClassic": "K_LC_BULLETIN",
      "publishTime": "2023-02-22 15:40:20",
      "bulletinUrl": "/disclosure/listedinfo/announcement/c/new/2023-02-23/688076_20230223_TU84.pdf",
      "securityCode": "688076",
      "securityAbbr": "诺泰生物",
      "isHolderDisclose": "0"
    },
    {
      "discloseId": "2023022300603527MFMUM_LC_BULLETI",
      "discloseDate": "2023-02-23",
      "bulletinTitle": "众源新材关于控股子公司获得项目定点通知的公告",
      "bulletinClassic": "M_LC_BULLETIN",
      "publishTime": "2023-02-22 15:39:59",
      "bulletinUrl": "/disclosure/listedinfo/announcement/c/new/2023-02-23/603527_20230223_MFMU.pdf",
      "securityCode": "603527",
      "securityAbbr": "众源新材",
      "isHolderDisclose": "0"
    },
    {
      "discloseId": "2023022300688375FHQSK_LC_BULLETI",
      "discloseDate": "2023-02-23",
      "bulletinTitle": "南京国博电子股份有限公司关于拟购买土地使用权暨开展射频集成电路产业化项目二期建设的公告",
      "bulletinClassic": "K_LC_BULLETIN",
      "publishTime": "2023-02-22 15:39:16",
      "bulletinUrl": "/disclosure/listedinfo/announcement/c/new/2023-02-23/688375_20230223_FHQS.pdf",
      "securityCode": "688375",
      "securityAbbr": "国博电子",
      "isHolderDisclose": "0"
    },
    {
      "discloseId": "2023022300600135Y9WPM_LC_BULLETI",
      "discloseDate": "2023-02-23",
      "bulletinTitle": "乐凯胶片股份有限公司关于使用募集资金临时补充流动资金的归还公告",
      "bulletinClassic": "M_LC_BULLETIN",
      "publishTime": "2023-02-22 15:38:55",
      "bulletinUrl": "/disclosure/listedinfo/announcement/c/new/2023-02-23/600135_20230223_Y9WP.pdf",
      "securityCode": "600135",
      "securityAbbr": "乐凯胶片",
      "isHolderDisclose": "0"
    },
    {
      "discloseId": "2023022300601588AKYEM_LC_BULLETI",
      "discloseDate": "2023-02-23",
      "bulletinTitle": "北辰实业关于高级管理人员变动的公告",
      "bulletinClassic": "M_LC_BULLETIN",
      "publishTime": "2023-02-22 15:37:52",
      "bulletinUrl": "/disclosure/listedinfo/announcement/c/new/2023-02-23/601588_20230223_AKYE.pdf",
      "securityCode": "601588",
      "securityAbbr": "北辰实业",
      "isHolderDisclose": "0"
    },
    {
      "discloseId": "20230223006039665UM0M_LC_BULLETI",
      "discloseDate": "2023-02-23",
      "bulletinTitle": "关于“法兰转债”预计满足赎回条件的提示性公告",
      "bulletinClassic": "M_LC_BULLETIN",
      "publishTime": "2023-02-22 15:36:49",
      "bulletinUrl": "/disclosure/listedinfo/announcement/c/new/2023-02-23/603966_20230223_5UM0.pdf",
      "securityCode": "603966",
      "securityAbbr": "法兰泰克",
      "isHolderDisclose": "0"
    },
    {
      "discloseId": "2023022300600790NF60M_LC_BULLETI",
      "discloseDate": "2023-02-23",
      "bulletinTitle": "轻纺城关于与中信证券签订全面业务合作协议的公告",
      "bulletinClassic": "M_LC_BULLETIN",
      "publishTime": "2023-02-22 15:34:44",
      "bulletinUrl": "/disclosure/listedinfo/announcement/c/new/2023-02-23/600790_20230223_NF60.pdf",
      "securityCode": "600790",
      "securityAbbr": "轻纺城",
      "isHolderDisclose": "0"
    },
    {
      "discloseId": "2023022300600397MPGBM_LC_BULLETI",
      "discloseDate": "2023-02-23",
      "bulletinTitle": "安源煤业2023年第一次临时股东大会会议资料",
      "bulletinClassic": "M_LC_BULLETIN",
      "publishTime": "2023-02-22 15:33:19",
      "bulletinUrl": "/disclosure/listedinfo/announcement/c/new/2023-02-23/600397_20230223_MPGB.pdf",
      "securityCode": "600397",
      "securityAbbr": "安源煤业",
      "isHolderDisclose": "0"
    },
    {
      "discloseId": "2023022300688553OBVEK_LC_BULLETI",
      "discloseDate": "2023-02-23",
      "bulletinTitle": "四川汇宇制药股份有限公司关于股东减持时间届满暨减持股份结果公告",
      "bulletinClassic": "K_LC_BULLETIN",
      "publishTime": "2023-02-22 15:32:38",
      "bulletinUrl": "/disclosure/listedinfo/announcement/c/new/2023-02-23/688553_20230223_OBVE.pdf",
      "securityCode": "688553",
      "securityAbbr": "汇宇制药",
      "isHolderDisclose": "0"
    },
    {
      "discloseId": "2023022300688553AYVHK_LC_BULLETI",
      "discloseDate": "2023-02-23",
      "bulletinTitle": "四川汇宇制药股份有限公司关于股东大宗交易减持股份计划公告",
      "bulletinClassic": "K_LC_BULLETIN",
      "publishTime": "2023-02-22 15:32:38",
      "bulletinUrl": "/disclosure/listedinfo/announcement/c/new/2023-02-23/688553_20230223_AYVH.pdf",
      "securityCode": "688553",
      "securityAbbr": "汇宇制药",
      "isHolderDisclose": "0"
    },
    {
      "discloseId": "20230223006883353F5OK_LC_BULLETI",
      "discloseDate": "2023-02-23",
      "bulletinTitle": "2022年度业绩快报公告",
      "bulletinClassic": "K_LC_BULLETIN",
      "publishTime": "2023-02-22 15:32:38",
      "bulletinUrl": "/disclosure/listedinfo/announcement/c/new/2023-02-23/688335_20230223_3F5O.pdf",
      "securityCode": "688335",
      "securityAbbr": "复洁环保",
      "isHolderDisclose": "0"
    },
    {
      "discloseId": "2023022300603331YDSSM_LC_BULLETI",
      "discloseDate": "2023-02-23",
      "bulletinTitle": "百达精工关于“百达转债”预计满足赎回条件的提示性公告",
      "bulletinClassic": "M_LC_BULLETIN",
      "publishTime": "2023-02-22 15:31:34",
      "bulletinUrl": "/disclosure/listedinfo/announcement/c/new/2023-02-23/603331_20230223_YDSS.pdf",
      "securityCode": "603331",
      "securityAbbr": "百达精工",
      "isHolderDisclose": "0"
    },
    {
      "discloseId": "2023022300603819OMW6M_LC_BULLETI",
      "discloseDate": "2023-02-23",
      "bulletinTitle": "神力股份：关于召开2023年第一次临时股东大会的通知",
      "bulletinClassic": "M_LC_BULLETIN",
      "publishTime": "2023-02-22 15:30:51",
      "bulletinUrl": "/disclosure/listedinfo/announcement/c/new/2023-02-23/603819_20230223_OMW6.pdf",
      "securityCode": "603819",
      "securityAbbr": "神力股份",
      "isHolderDisclose": "0"
    },
    {
      "discloseId": "2023022300603819EX3GM_LC_BULLETI",
      "discloseDate": "2023-02-23",
      "bulletinTitle": "神力股份：关于向特定对象发行A股股票摊薄即期回报的风险提示及填补措施和相关主体承诺（三次修订稿）的公告",
      "bulletinClassic": "M_LC_BULLETIN",
      "publishTime": "2023-02-22 15:30:51",
      "bulletinUrl": "/disclosure/listedinfo/announcement/c/new/2023-02-23/603819_20230223_EX3G.pdf",
      "securityCode": "603819",
      "securityAbbr": "神力股份",
      "isHolderDisclose": "0"
    },
    {
      "discloseId": "20230223006038198MPQM_LC_BULLETI",
      "discloseDate": "2023-02-23",
      "bulletinTitle": "神力股份：关于与特定对象签署附条件生效的股份认购协议之补充协议暨关联交易的公告",
      "bulletinClassic": "M_LC_BULLETIN",
      "publishTime": "2023-02-22 15:30:51",
      "bulletinUrl": "/disclosure/listedinfo/announcement/c/new/2023-02-23/603819_20230223_8MPQ.pdf",
      "securityCode": "603819",
      "securityAbbr": "神力股份",
      "isHolderDisclose": "0"
    },
    {
      "discloseId": "2023022300603819V1VWM_LC_BULLETI",
      "discloseDate": "2023-02-23",
      "bulletinTitle": "神力股份：2022年度向特定对象发行股票方案的论证分析报告",
      "bulletinClassic": "M_LC_BULLETIN",
      "publishTime": "2023-02-22 15:30:51",
      "bulletinUrl": "/disclosure/listedinfo/announcement/c/new/2023-02-23/603819_20230223_V1VW.pdf",
      "securityCode": "603819",
      "securityAbbr": "神力股份",
      "isHolderDisclose": "0"
    },
    {
      "discloseId": "2023022300603819MKKIM_LC_BULLETI",
      "discloseDate": "2023-02-23",
      "bulletinTitle": "神力股份：关于向特定对象发行A股股票募集资金使用的可行性分析报告（二次修订稿）",
      "bulletinClassic": "M_LC_BULLETIN",
      "publishTime": "2023-02-22 15:30:51",
      "bulletinUrl": "/disclosure/listedinfo/announcement/c/new/2023-02-23/603819_20230223_MKKI.pdf",
      "securityCode": "603819",
      "securityAbbr": "神力股份",
      "isHolderDisclose": "0"
    },
    {
      "discloseId": "2023022300603819N099M_LC_BULLETI",
      "discloseDate": "2023-02-23",
      "bulletinTitle": "神力股份：2022年度向特定对象发行A股股票预案（三次修订稿）",
      "bulletinClassic": "M_LC_BULLETIN",
      "publishTime": "2023-02-22 15:30:51",
      "bulletinUrl": "/disclosure/listedinfo/announcement/c/new/2023-02-23/603819_20230223_N099.pdf",
      "securityCode": "603819",
      "securityAbbr": "神力股份",
      "isHolderDisclose": "0"
    },
    {
      "discloseId": "20230223006038194XUJM_LC_BULLETI",
      "discloseDate": "2023-02-23",
      "bulletinTitle": "神力股份：关于2022年度向特定对象发行A股股票预案及相关文件修订情况说明的公告",
      "bulletinClassic": "M_LC_BULLETIN",
      "publishTime": "2023-02-22 15:30:51",
      "bulletinUrl": "/disclosure/listedinfo/announcement/c/new/2023-02-23/603819_20230223_4XUJ.pdf",
      "securityCode": "603819",
      "securityAbbr": "神力股份",
      "isHolderDisclose": "0"
    },
    {
      "discloseId": "2023022300603819UTRUM_LC_BULLETI",
      "discloseDate": "2023-02-23",
      "bulletinTitle": "神力股份：监事会关于公司向特定对象发行A股股票相关事项的书面审核意见",
      "bulletinClassic": "M_LC_BULLETIN",
      "publishTime": "2023-02-22 15:30:51",
      "bulletinUrl": "/disclosure/listedinfo/announcement/c/new/2023-02-23/603819_20230223_UTRU.pdf",
      "securityCode": "603819",
      "securityAbbr": "神力股份",
      "isHolderDisclose": "0"
    },
    {
      "discloseId": "2023022300603819R05PM_LC_BULLETI",
      "discloseDate": "2023-02-23",
      "bulletinTitle": "神力股份：第四届监事会第十一次会议决议公告",
      "bulletinClassic": "M_LC_BULLETIN",
      "publishTime": "2023-02-22 15:30:51",
      "bulletinUrl": "/disclosure/listedinfo/announcement/c/new/2023-02-23/603819_20230223_R05P.pdf",
      "securityCode": "603819",
      "securityAbbr": "神力股份",
      "isHolderDisclose": "0"
    },
    {
      "discloseId": "20230223006038197KENM_LC_BULLETI",
      "discloseDate": "2023-02-23",
      "bulletinTitle": "神力股份：独立董事对公司是否存在同业竞争和避免同业竞争有关措施的有效性的独立意见",
      "bulletinClassic": "M_LC_BULLETIN",
      "publishTime": "2023-02-22 15:30:51",
      "bulletinUrl": "/disclosure/listedinfo/announcement/c/new/2023-02-23/603819_20230223_7KEN.pdf",
      "securityCode": "603819",
      "securityAbbr": "神力股份",
      "isHolderDisclose": "0"
    },
    {
      "discloseId": "20230223006038196ZR1M_LC_BULLETI",
      "discloseDate": "2023-02-23",
      "bulletinTitle": "神力股份：独立董事关于第四届董事会第十一次会议相关事项的事前认可意见",
      "bulletinClassic": "M_LC_BULLETIN",
      "publishTime": "2023-02-22 15:30:51",
      "bulletinUrl": "/disclosure/listedinfo/announcement/c/new/2023-02-23/603819_20230223_6ZR1.pdf",
      "securityCode": "603819",
      "securityAbbr": "神力股份",
      "isHolderDisclose": "0"
    },
    {
      "discloseId": "2023022300603819K2ZHM_LC_BULLETI",
      "discloseDate": "2023-02-23",
      "bulletinTitle": "神力股份：独立董事关于第四届第十一次董事会相关决议的独立意见",
      "bulletinClassic": "M_LC_BULLETIN",
      "publishTime": "2023-02-22 15:30:51",
      "bulletinUrl": "/disclosure/listedinfo/announcement/c/new/2023-02-23/603819_20230223_K2ZH.pdf",
      "securityCode": "603819",
      "securityAbbr": "神力股份",
      "isHolderDisclose": "0"
    },
    {
      "discloseId": "2023022300603819PXDCM_LC_BULLETI",
      "discloseDate": "2023-02-23",
      "bulletinTitle": "神力股份：第四届董事会第十一次会议决议公告",
      "bulletinClassic": "M_LC_BULLETIN",
      "publishTime": "2023-02-22 15:30:51",
      "bulletinUrl": "/disclosure/listedinfo/announcement/c/new/2023-02-23/603819_20230223_PXDC.pdf",
      "securityCode": "603819",
      "securityAbbr": "神力股份",
      "isHolderDisclose": "0"
    },
    {
      "discloseId": "20230223006033288UKBM_LC_BULLETI",
      "discloseDate": "2023-02-23",
      "bulletinTitle": "关于证券事务代表辞职的公告",
      "bulletinClassic": "M_LC_BULLETIN",
      "publishTime": "2023-02-22 15:30:52",
      "bulletinUrl": "/disclosure/listedinfo/announcement/c/new/2023-02-23/603328_20230223_8UKB.pdf",
      "securityCode": "603328",
      "securityAbbr": "依顿电子",
      "isHolderDisclose": "0"
    },
    {
      "discloseId": "2023022300600015ZKD1M_LC_BULLETI",
      "discloseDate": "2023-02-23",
      "bulletinTitle": "华夏银行关于赎回优先股的第二次提示性公告",
      "bulletinClassic": "M_LC_BULLETIN",
      "publishTime": "2023-02-22 15:30:52",
      "bulletinUrl": "/disclosure/listedinfo/announcement/c/new/2023-02-23/600015_20230223_ZKD1.pdf",
      "securityCode": "600015",
      "securityAbbr": "华夏银行",
      "isHolderDisclose": "0"
    },
    {
      "discloseId": "2023022300600815K1VLM_LC_BULLETI",
      "discloseDate": "2023-02-23",
      "bulletinTitle": "厦工股份关于召开2023年第一次临时股东大会的通知",
      "bulletinClassic": "M_LC_BULLETIN",
      "publishTime": "2023-02-22 15:30:51",
      "bulletinUrl": "/disclosure/listedinfo/announcement/c/new/2023-02-23/600815_20230223_K1VL.pdf",
      "securityCode": "600815",
      "securityAbbr": "厦工股份",
      "isHolderDisclose": "0"
    },
    {
      "discloseId": "20230223006008154UIEM_LC_BULLETI",
      "discloseDate": "2023-02-23",
      "bulletinTitle": "厦工股份独立董事关于第十届董事会第六次会议部分议案的独立意见",
      "bulletinClassic": "M_LC_BULLETIN",
      "publishTime": "2023-02-22 15:30:51",
      "bulletinUrl": "/disclosure/listedinfo/announcement/c/new/2023-02-23/600815_20230223_4UIE.pdf",
      "securityCode": "600815",
      "securityAbbr": "厦工股份",
      "isHolderDisclose": "0"
    },
    {
      "discloseId": "2023022300600815MGDBM_LC_BULLETI",
      "discloseDate": "2023-02-23",
      "bulletinTitle": "厦工股份第十届董事会第六次会议决议公告",
      "bulletinClassic": "M_LC_BULLETIN",
      "publishTime": "2023-02-22 15:30:51",
      "bulletinUrl": "/disclosure/listedinfo/announcement/c/new/2023-02-23/600815_20230223_MGDB.pdf",
      "securityCode": "600815",
      "securityAbbr": "厦工股份",
      "isHolderDisclose": "0"
    },
    {
      "discloseId": "2023022300603912TW3QM_LC_BULLETI",
      "discloseDate": "2023-02-23",
      "bulletinTitle": "603912：佳力图第三届监事会第十二次会议决议公告",
      "bulletinClassic": "M_LC_BULLETIN",
      "publishTime": "2023-02-22 15:30:51",
      "bulletinUrl": "/disclosure/listedinfo/announcement/c/new/2023-02-23/603912_20230223_TW3Q.pdf",
      "securityCode": "603912",
      "securityAbbr": "佳力图",
      "isHolderDisclose": "0"
    },
    {
      "discloseId": "2023022300603912XI4KM_LC_BULLETI",
      "discloseDate": "2023-02-23",
      "bulletinTitle": "603912：佳力图独立董事关于公司第三届董事会第十六次会议相关事项的独立意见",
      "bulletinClassic": "M_LC_BULLETIN",
      "publishTime": "2023-02-22 15:30:51",
      "bulletinUrl": "/disclosure/listedinfo/announcement/c/new/2023-02-23/603912_20230223_XI4K.pdf",
      "securityCode": "603912",
      "securityAbbr": "佳力图",
      "isHolderDisclose": "0"
    },
    {
      "discloseId": "2023022300603912QT4BM_LC_BULLETI",
      "discloseDate": "2023-02-23",
      "bulletinTitle": "603912：佳力图第三届董事会第十六次会议决议公告",
      "bulletinClassic": "M_LC_BULLETIN",
      "publishTime": "2023-02-22 15:30:51",
      "bulletinUrl": "/disclosure/listedinfo/announcement/c/new/2023-02-23/603912_20230223_QT4B.pdf",
      "securityCode": "603912",
      "securityAbbr": "佳力图",
      "isHolderDisclose": "0"
    },
    {
      "discloseId": "2023022300605289YI2ZM_LC_BULLETI",
      "discloseDate": "2023-02-23",
      "bulletinTitle": "罗曼股份：2023年第一次临时股东大会会议资料",
      "bulletinClassic": "M_LC_BULLETIN",
      "publishTime": "2023-02-22 15:30:51",
      "bulletinUrl": "/disclosure/listedinfo/announcement/c/new/2023-02-23/605289_20230223_YI2Z.pdf",
      "securityCode": "605289",
      "securityAbbr": "罗曼股份",
      "isHolderDisclose": "0"
    },
    {
      "discloseId": "2023022300600390AQ6XM_LC_BULLETI",
      "discloseDate": "2023-02-23",
      "bulletinTitle": "关于第八届董事会第二十三次会议相关议案的独立意见",
      "bulletinClassic": "M_LC_BULLETIN",
      "publishTime": "2023-02-22 15:30:51",
      "bulletinUrl": "/disclosure/listedinfo/announcement/c/new/2023-02-23/600390_20230223_AQ6X.pdf",
      "securityCode": "600390",
      "securityAbbr": "五矿资本",
      "isHolderDisclose": "0"
    },
    {
      "discloseId": "2023022300600390C45SM_LC_BULLETI",
      "discloseDate": "2023-02-23",
      "bulletinTitle": "五矿资本股份有限公司关于调整部分高级管理人员的公告",
      "bulletinClassic": "M_LC_BULLETIN",
      "publishTime": "2023-02-22 15:30:51",
      "bulletinUrl": "/disclosure/listedinfo/announcement/c/new/2023-02-23/600390_20230223_C45S.pdf",
      "securityCode": "600390",
      "securityAbbr": "五矿资本",
      "isHolderDisclose": "0"
    },
    {
      "discloseId": "2023022300600390X1JGM_LC_BULLETI",
      "discloseDate": "2023-02-23",
      "bulletinTitle": "五矿资本股份有限公司第八届董事会第二十三次会议决议公告",
      "bulletinClassic": "M_LC_BULLETIN",
      "publishTime": "2023-02-22 15:30:51",
      "bulletinUrl": "/disclosure/listedinfo/announcement/c/new/2023-02-23/600390_20230223_X1JG.pdf",
      "securityCode": "600390",
      "securityAbbr": "五矿资本",
      "isHolderDisclose": "0"
    },
    {
      "discloseId": "2023022300600356KB90M_LC_BULLETI",
      "discloseDate": "2023-02-23",
      "bulletinTitle": "恒丰纸业关于第一期员工持股计划存续期即将届满的提示性公告",
      "bulletinClassic": "M_LC_BULLETIN",
      "publishTime": "2023-02-22 15:30:51",
      "bulletinUrl": "/disclosure/listedinfo/announcement/c/new/2023-02-23/600356_20230223_KB90.pdf",
      "securityCode": "600356",
      "securityAbbr": "恒丰纸业",
      "isHolderDisclose": "0"
    },
    {
      "discloseId": "2023022300603355JRT8M_LC_BULLETI",
      "discloseDate": "2023-02-23",
      "bulletinTitle": "莱克电气关于使用闲置募集资金进行现金管理到期赎回及进行现金管理进展的公告",
      "bulletinClassic": "M_LC_BULLETIN",
      "publishTime": "2023-02-22 15:30:51",
      "bulletinUrl": "/disclosure/listedinfo/announcement/c/new/2023-02-23/603355_20230223_JRT8.pdf",
      "securityCode": "603355",
      "securityAbbr": "莱克电气",
      "isHolderDisclose": "0"
    },
    {
      "discloseId": "202302230060075756AOM_LC_BULLETI",
      "discloseDate": "2023-02-23",
      "bulletinTitle": "长江传媒关于使用部分闲置募集资金购买理财产品到期赎回并继续购买理财产品的公告",
      "bulletinClassic": "M_LC_BULLETIN",
      "publishTime": "2023-02-22 15:30:51",
      "bulletinUrl": "/disclosure/listedinfo/announcement/c/new/2023-02-23/600757_20230223_56AO.pdf",
      "securityCode": "600757",
      "securityAbbr": "长江传媒",
      "isHolderDisclose": "0"
    },
    {
      "discloseId": "2023022300600311HKFDM_LC_BULLETI",
      "discloseDate": "2023-02-23",
      "bulletinTitle": "甘肃荣华实业（集团）股份有限公司关于公司股票可能被终止上市的第九次风险提示公告",
      "bulletinClassic": "M_LC_BULLETIN",
      "publishTime": "2023-02-22 15:30:51",
      "bulletinUrl": "/disclosure/listedinfo/announcement/c/new/2023-02-23/600311_20230223_HKFD.pdf",
      "securityCode": "600311",
      "securityAbbr": "*ST荣华",
      "isHolderDisclose": "0"
    },
    {
      "discloseId": "202302230060368904DGM_LC_BULLETI",
      "discloseDate": "2023-02-23",
      "bulletinTitle": "安徽省天然气开发股份有限公司关于使用部分闲置募集资金进行现金管理的进展公告",
      "bulletinClassic": "M_LC_BULLETIN",
      "publishTime": "2023-02-22 15:30:51",
      "bulletinUrl": "/disclosure/listedinfo/announcement/c/new/2023-02-23/603689_20230223_04DG.pdf",
      "securityCode": "603689",
      "securityAbbr": "皖天然气",
      "isHolderDisclose": "0"
    },
    {
      "discloseId": "2023022300600633RCAKM_LC_BULLETI",
      "discloseDate": "2023-02-23",
      "bulletinTitle": "浙数文化关于边锋网络投资股权投资基金的进展公告",
      "bulletinClassic": "M_LC_BULLETIN",
      "publishTime": "2023-02-22 15:30:51",
      "bulletinUrl": "/disclosure/listedinfo/announcement/c/new/2023-02-23/600633_20230223_RCAK.pdf",
      "securityCode": "600633",
      "securityAbbr": "浙数文化",
      "isHolderDisclose": "0"
    },
    {
      "discloseId": "2023022300600838SGNEM_LC_BULLETI",
      "discloseDate": "2023-02-23",
      "bulletinTitle": "上海九百关于董事、副总经理、财务总监、董事会秘书退休离任的公告",
      "bulletinClassic": "M_LC_BULLETIN",
      "publishTime": "2023-02-22 15:30:51",
      "bulletinUrl": "/disclosure/listedinfo/announcement/c/new/2023-02-23/600838_20230223_SGNE.pdf",
      "securityCode": "600838",
      "securityAbbr": "上海九百",
      "isHolderDisclose": "0"
    },
    {
      "discloseId": "2023022300600235C9WLM_LC_BULLETI",
      "discloseDate": "2023-02-23",
      "bulletinTitle": "民丰特纸2023年第一次临时股东大会会议材料",
      "bulletinClassic": "M_LC_BULLETIN",
      "publishTime": "2023-02-22 15:30:51",
      "bulletinUrl": "/disclosure/listedinfo/announcement/c/new/2023-02-23/600235_20230223_C9WL.pdf",
      "securityCode": "600235",
      "securityAbbr": "民丰特纸",
      "isHolderDisclose": "0"
    },
    {
      "discloseId": "2023022300603737T06QM_LC_BULLETI",
      "discloseDate": "2023-02-23",
      "bulletinTitle": "关于为子公司提供担保的公告",
      "bulletinClassic": "M_LC_BULLETIN",
      "publishTime": "2023-02-22 15:30:51",
      "bulletinUrl": "/disclosure/listedinfo/announcement/c/new/2023-02-23/603737_20230223_T06Q.pdf",
      "securityCode": "603737",
      "securityAbbr": "三棵树",
      "isHolderDisclose": "0"
    },
    {
      "discloseId": "20230223006031810JWOM_LC_BULLETI",
      "discloseDate": "2023-02-23",
      "bulletinTitle": "皇马科技关于全资子公司竞得土地使用权的公告",
      "bulletinClassic": "M_LC_BULLETIN",
      "publishTime": "2023-02-22 15:30:51",
      "bulletinUrl": "/disclosure/listedinfo/announcement/c/new/2023-02-23/603181_20230223_0JWO.pdf",
      "securityCode": "603181",
      "securityAbbr": "皇马科技",
      "isHolderDisclose": "0"
    },
    {
      "discloseId": "2023022300603690AW7SM_LC_BULLETI",
      "discloseDate": "2023-02-23",
      "bulletinTitle": "为子公司提供担保的进展公告",
      "bulletinClassic": "M_LC_BULLETIN",
      "publishTime": "2023-02-22 15:30:51",
      "bulletinUrl": "/disclosure/listedinfo/announcement/c/new/2023-02-23/603690_20230223_AW7S.pdf",
      "securityCode": "603690",
      "securityAbbr": "至纯科技",
      "isHolderDisclose": "0"
    },
    {
      "discloseId": "2023022300600713NZ61M_LC_BULLETI",
      "discloseDate": "2023-02-23",
      "bulletinTitle": "南京医药2021年度第一期中期票据2023年付息公告",
      "bulletinClassic": "M_LC_BULLETIN",
      "publishTime": "2023-02-22 15:30:51",
      "bulletinUrl": "/disclosure/listedinfo/announcement/c/new/2023-02-23/600713_20230223_NZ61.pdf",
      "securityCode": "600713",
      "securityAbbr": "南京医药",
      "isHolderDisclose": "0"
    },
    {
      "discloseId": "2023022300600713LT3PM_LC_BULLETI",
      "discloseDate": "2023-02-23",
      "bulletinTitle": "南京医药2023年度第二期超短期融资券发行结果公告",
      "bulletinClassic": "M_LC_BULLETIN",
      "publishTime": "2023-02-22 15:30:51",
      "bulletinUrl": "/disclosure/listedinfo/announcement/c/new/2023-02-23/600713_20230223_LT3P.pdf",
      "securityCode": "600713",
      "securityAbbr": "南京医药",
      "isHolderDisclose": "0"
    },
    {
      "discloseId": "2023022300603637RJ82M_LC_BULLETI",
      "discloseDate": "2023-02-23",
      "bulletinTitle": "镇海石化工程股份有限公司关于变更签字注册会计师的公告",
      "bulletinClassic": "M_LC_BULLETIN",
      "publishTime": "2023-02-22 15:30:51",
      "bulletinUrl": "/disclosure/listedinfo/announcement/c/new/2023-02-23/603637_20230223_RJ82.pdf",
      "securityCode": "603637",
      "securityAbbr": "镇海股份",
      "isHolderDisclose": "0"
    },
    {
      "discloseId": "2023022300600199FVA1M_LC_BULLETI",
      "discloseDate": "2023-02-23",
      "bulletinTitle": "关于董事长离任的公告",
      "bulletinClassic": "M_LC_BULLETIN",
      "publishTime": "2023-02-22 15:30:51",
      "bulletinUrl": "/disclosure/listedinfo/announcement/c/new/2023-02-23/600199_20230223_FVA1.pdf",
      "securityCode": "600199",
      "securityAbbr": "金种子酒",
      "isHolderDisclose": "0"
    }
  ]
}