{"publishData":[{"discloseId":"20230222005155708GEIFUND_BULLETI","discloseDate":"2023-02-22","bulletinTitle":"关于山西证券中证红利潜力交易型开放式指数证券投资基金基金资产净值低于5000万元的提示性公告","bulletinClassic":"FUND_BULLETIN","publishTime":"2023-02-22 09:01:34","bulletinUrl":"/disclosure/fund/announcement/c/new/2023-02-22/515570_20230222_8GEI.pdf","securityCode":"515570","securityAbbr":"山证红利"},{"discloseId":"202302220050101892LGFUND_BULLETI","discloseDate":"2023-02-22","bulletinTitle":"关于南方原油证券投资基金2023年2月23日暂停申购、赎回和定投业务的公告","bulletinClassic":"FUND_BULLETIN","publishTime":"2023-02-22 08:35:52","bulletinUrl":"/disclosure/fund/announcement/c/new/2023-02-22/501018_20230222_92LG.pdf","securityCode":"501018","securityAbbr":"南方原油"},{"discloseId":"2023022200515100GD4GFUND_BULLETI","discloseDate":"2023-02-22","bulletinTitle":"景顺长城基金管理有限公司关于旗下部分基金新增华安证券为一级交易商的公告","bulletinClassic":"FUND_BULLETIN","publishTime":"2023-02-21 20:01:15","bulletinUrl":"/disclosure/fund/announcement/c/new/2023-02-22/515100_20230222_GD4G.pdf","securityCode":"515100","securityAbbr":"红利100"},{"discloseId":"20230222005122205P5RFUND_BULLETI","discloseDate":"2023-02-22","bulletinTitle":"景顺长城基金管理有限公司关于旗下部分基金新增华安证券为一级交易商的公告","bulletinClassic":"FUND_BULLETIN","publishTime":"2023-02-21 20:01:16","bulletinUrl":"/disclosure/fund/announcement/c/new/2023-02-22/512220_20230222_5P5R.pdf","securityCode":"512220","securityAbbr":"TMTETF"},{"discloseId":"2023022200513980NBBNFUND_BULLETI","discloseDate":"2023-02-22","bulletinTitle":"景顺长城基金管理有限公司关于旗下部分基金新增华安证券为一级交易商的公告","bulletinClassic":"FUND_BULLETIN","publishTime":"2023-02-21 20:01:15","bulletinUrl":"/disclosure/fund/announcement/c/new/2023-02-22/513980_20230222_NBBN.pdf","securityCode":"513980","securityAbbr":"科技港股"},{"discloseId":"2023022200512280EX8TFUND_BULLETI","discloseDate":"2023-02-22","bulletinTitle":"景顺长城基金管理有限公司关于旗下部分基金新增华安证券为一级交易商的公告","bulletinClassic":"FUND_BULLETIN","publishTime":"2023-02-21 20:01:15","bulletinUrl":"/disclosure/fund/announcement/c/new/2023-02-22/512280_20230222_EX8T.pdf","securityCode":"512280","securityAbbr":"景顺MSCI"},{"discloseId":"20230222005013008OGDFUND_BULLETI","discloseDate":"2023-02-22","bulletinTitle":"海富通基金管理有限公司关于公司住所变更的公告","bulletinClassic":"FUND_BULLETIN","publishTime":"2023-02-21 19:31:04","bulletinUrl":"/disclosure/fund/announcement/c/new/2023-02-22/501300_20230222_8OGD.pdf","securityCode":"501300","securityAbbr":"美元债"},{"discloseId":"202302220051012017XQFUND_BULLETI","discloseDate":"2023-02-22","bulletinTitle":"海富通基金管理有限公司关于公司住所变更的公告","bulletinClassic":"FUND_BULLETIN","publishTime":"2023-02-21 19:31:04","bulletinUrl":"/disclosure/fund/announcement/c/new/2023-02-22/510120_20230222_17XQ.pdf","securityCode":"510120","securityAbbr":"非周ETF"},{"discloseId":"20230222005112703MKOFUND_BULLETI","discloseDate":"2023-02-22","bulletinTitle":"海富通基金管理有限公司关于公司住所变更的公告","bulletinClassic":"FUND_BULLETIN","publishTime":"2023-02-21 19:31:04","bulletinUrl":"/disclosure/fund/announcement/c/new/2023-02-22/511270_20230222_3MKO.pdf","securityCode":"511270","securityAbbr":"10年地债"},{"discloseId":"202302220051011061U5FUND_BULLETI","discloseDate":"2023-02-22","bulletinTitle":"海富通基金管理有限公司关于公司住所变更的公告","bulletinClassic":"FUND_BULLETIN","publishTime":"2023-02-21 19:31:04","bulletinUrl":"/disclosure/fund/announcement/c/new/2023-02-22/510110_20230222_61U5.pdf","securityCode":"510110","securityAbbr":"周期ETF"},{"discloseId":"20230222005155008EFOFUND_BULLETI","discloseDate":"2023-02-22","bulletinTitle":"海富通基金管理有限公司关于公司住所变更的公告","bulletinClassic":"FUND_BULLETIN","publishTime":"2023-02-21 19:31:03","bulletinUrl":"/disclosure/fund/announcement/c/new/2023-02-22/515500_20230222_8EFO.pdf","securityCode":"515500","securityAbbr":"长三角LX"},{"discloseId":"2023022200513860VX6EFUND_BULLETI","discloseDate":"2023-02-22","bulletinTitle":"海富通基金管理有限公司关于公司住所变更的公告","bulletinClassic":"FUND_BULLETIN","publishTime":"2023-02-21 19:31:04","bulletinUrl":"/disclosure/fund/announcement/c/new/2023-02-22/513860_20230222_VX6E.pdf","securityCode":"513860","securityAbbr":"HKC科技"},{"discloseId":"2023022200511220R55BFUND_BULLETI","discloseDate":"2023-02-22","bulletinTitle":"海富通基金管理有限公司关于公司住所变更的公告","bulletinClassic":"FUND_BULLETIN","publishTime":"2023-02-21 19:31:03","bulletinUrl":"/disclosure/fund/announcement/c/new/2023-02-22/511220_20230222_R55B.pdf","securityCode":"511220","securityAbbr":"城投ETF"},{"discloseId":"2023022200511060JEPOFUND_BULLETI","discloseDate":"2023-02-22","bulletinTitle":"海富通基金管理有限公司关于公司住所变更的公告","bulletinClassic":"FUND_BULLETIN","publishTime":"2023-02-21 19:31:04","bulletinUrl":"/disclosure/fund/announcement/c/new/2023-02-22/511060_20230222_JEPO.pdf","securityCode":"511060","securityAbbr":"5年地债"},{"discloseId":"2023022200511180925OFUND_BULLETI","discloseDate":"2023-02-22","bulletinTitle":"海富通基金管理有限公司关于公司住所变更的公告","bulletinClassic":"FUND_BULLETIN","publishTime":"2023-02-21 19:31:03","bulletinUrl":"/disclosure/fund/announcement/c/new/2023-02-22/511180_20230222_925O.pdf","securityCode":"511180","securityAbbr":"上证转债"},{"discloseId":"20230222005113607VZ9FUND_BULLETI","discloseDate":"2023-02-22","bulletinTitle":"海富通基金管理有限公司关于公司住所变更的公告","bulletinClassic":"FUND_BULLETIN","publishTime":"2023-02-21 19:31:04","bulletinUrl":"/disclosure/fund/announcement/c/new/2023-02-22/511360_20230222_7VZ9.pdf","securityCode":"511360","securityAbbr":"短融ETF"},{"discloseId":"2023022200563030QGTRFUND_BULLETI","discloseDate":"2023-02-22","bulletinTitle":"易方达中证500增强策略交易型开放式指数证券投资基金基金产品资料概要更新","bulletinClassic":"FUND_BULLETIN","publishTime":"2023-02-21 19:21:05","bulletinUrl":"/disclosure/fund/announcement/c/new/2023-02-22/563030_20230222_QGTR.pdf","securityCode":"563030","securityAbbr":"增强500"},{"discloseId":"20230222005157506YLFFUND_BULLETI","discloseDate":"2023-02-22","bulletinTitle":"富国中证科技50策略交易型开放式指数证券投资基金产品资料概要更新","bulletinClassic":"FUND_BULLETIN","publishTime":"2023-02-21 18:01:38","bulletinUrl":"/disclosure/fund/announcement/c/new/2023-02-22/515750_20230222_6YLF.pdf","securityCode":"515750","securityAbbr":"科技50"},{"discloseId":"2023022200515750PRP3FUND_BULLETI","discloseDate":"2023-02-22","bulletinTitle":"富国中证科技50策略交易型开放式指数证券投资基金招募说明书（更新）（2023年第1号）","bulletinClassic":"FUND_BULLETIN","publishTime":"2023-02-21 18:01:37","bulletinUrl":"/disclosure/fund/announcement/c/new/2023-02-22/515750_20230222_PRP3.pdf","securityCode":"515750","securityAbbr":"科技50"},{"discloseId":"2023022200502056KFV1FUND_BULLETI","discloseDate":"2023-02-22","bulletinTitle":"广发中证医疗指数证券投资基金（LOF）基金经理变更公告","bulletinClassic":"FUND_BULLETIN","publishTime":"2023-02-21 17:31:14","bulletinUrl":"/disclosure/fund/announcement/c/new/2023-02-22/502056_20230222_KFV1.pdf","securityCode":"502056","securityAbbr":"医疗基金"},{"discloseId":"2023022200510360BQALFUND_BULLETI","discloseDate":"2023-02-22","bulletinTitle":"广发沪深300交易型开放式指数证券投资基金基金经理变更公告","bulletinClassic":"FUND_BULLETIN","publishTime":"2023-02-21 17:25:54","bulletinUrl":"/disclosure/fund/announcement/c/new/2023-02-22/510360_20230222_BQAL.pdf","securityCode":"510360","securityAbbr":"广发300"},{"discloseId":"20230222005010113G5JFUND_BULLETI","discloseDate":"2023-02-22","bulletinTitle":"汇添富中证中药交易型开放式指数证券投资基金联接基金（LOF）更新招募说明书（2023年2月22日更新）","bulletinClassic":"FUND_BULLETIN","publishTime":"2023-02-21 17:15:38","bulletinUrl":"/disclosure/fund/announcement/c/new/2023-02-22/501011_20230222_3G5J.pdf","securityCode":"501011","securityAbbr":"中药基金"},{"discloseId":"2023022200501011C8HMFUND_BULLETI","discloseDate":"2023-02-22","bulletinTitle":"汇添富中证中药交易型开放式指数证券投资基金联接基金（LOF）A类份额更新基金产品资料概要(2023年02月22日更新)","bulletinClassic":"FUND_BULLETIN","publishTime":"2023-02-21 15:42:11","bulletinUrl":"/disclosure/fund/announcement/c/new/2023-02-22/501011_20230222_C8HM.pdf","securityCode":"501011","securityAbbr":"中药基金"},{"discloseId":"2023022200560080LJMFFUND_BULLETI","discloseDate":"2023-02-22","bulletinTitle":"汇添富中证沪港深500交易型开放式指数证券投资基金更新基金产品资料概要(2023年02月22日更新)","bulletinClassic":"FUND_BULLETIN","publishTime":"2023-02-21 15:42:11","bulletinUrl":"/disclosure/fund/announcement/c/new/2023-02-22/560080_20230222_LJMF.pdf","securityCode":"560080","securityAbbr":"中药ETF"},{"discloseId":"202302220051329050NAFUND_BULLETI","discloseDate":"2023-02-22","bulletinTitle":"汇添富纳斯达克生物科技交易型开放式指数证券投资基金（QDII）更新基金产品资料概要(2023年02月22日更新)","bulletinClassic":"FUND_BULLETIN","publishTime":"2023-02-21 15:42:11","bulletinUrl":"/disclosure/fund/announcement/c/new/2023-02-22/513290_20230222_50NA.pdf","securityCode":"513290","securityAbbr":"美股生物"},{"discloseId":"2023022200517080G75RFUND_BULLETI","discloseDate":"2023-02-22","bulletinTitle":"汇添富中证沪港深500交易型开放式指数证券投资基金更新基金产品资料概要(2023年02月22日更新)","bulletinClassic":"FUND_BULLETIN","publishTime":"2023-02-21 15:42:11","bulletinUrl":"/disclosure/fund/announcement/c/new/2023-02-22/517080_20230222_G75R.pdf","securityCode":"517080","securityAbbr":"HGS500"},{"discloseId":"2023022200560080K0GTFUND_BULLETI","discloseDate":"2023-02-22","bulletinTitle":"汇添富中证中药交易型开放式指数证券投资基金更新招募说明书（2023年2月22日更新）","bulletinClassic":"FUND_BULLETIN","publishTime":"2023-02-21 15:42:11","bulletinUrl":"/disclosure/fund/announcement/c/new/2023-02-22/560080_20230222_K0GT.pdf","securityCode":"560080","securityAbbr":"中药ETF"},{"discloseId":"2023022200517080G1RLFUND_BULLETI","discloseDate":"2023-02-22","bulletinTitle":"汇添富中证沪港深500交易型开放式指数证券投资基金更新招募说明书（2023年2月22日更新）","bulletinClassic":"FUND_BULLETIN","publishTime":"2023-02-21 15:42:11","bulletinUrl":"/disclosure/fund/announcement/c/new/2023-02-22/517080_20230222_G1RL.pdf","securityCode":"517080","securityAbbr":"HGS500"},{"discloseId":"2023022200513290LCCRFUND_BULLETI","discloseDate":"2023-02-22","bulletinTitle":"汇添富纳斯达克生物科技交易型开放式指数证券投资基金（QDII）更新招募说明书（2023年2月22日更新）","bulletinClassic":"FUND_BULLETIN","publishTime":"2023-02-21 15:42:11","bulletinUrl":"/disclosure/fund/announcement/c/new/2023-02-22/513290_20230222_LCCR.pdf","securityCode":"513290","securityAbbr":"美股生物"},{"discloseId":"2023022200501012CRMIFUND_BULLETI","discloseDate":"2023-02-22","bulletinTitle":"汇添富中证中药交易型开放式指数证券投资基金联接基金（LOF）C类份额更新基金产品资料概要(2023年02月22日更新)","bulletinClassic":"FUND_BULLETIN","publishTime":"2023-02-21 15:42:11","bulletinUrl":"/disclosure/fund/announcement/c/new/2023-02-22/501012_20230222_CRMI.pdf","securityCode":"501012","securityAbbr":"中药C"},{"discloseId":"2023022200501012HU64FUND_BULLETI","discloseDate":"2023-02-22","bulletinTitle":"汇添富中证中药交易型开放式指数证券投资基金联接基金（LOF）更新招募说明书（2023年2月22日更新）","bulletinClassic":"FUND_BULLETIN","publishTime":"2023-02-21 15:42:11","bulletinUrl":"/disclosure/fund/announcement/c/new/2023-02-22/501012_20230222_HU64.pdf","securityCode":"501012","securityAbbr":"中药C"},{"discloseId":"2023022200513260W2LTFUND_BULLETI","discloseDate":"2023-02-22","bulletinTitle":"汇添富恒生科技交易型开放式指数证券投资基金（QDII）更新基金产品资料概要(2023年02月22日更新)","bulletinClassic":"FUND_BULLETIN","publishTime":"2023-02-21 15:42:11","bulletinUrl":"/disclosure/fund/announcement/c/new/2023-02-22/513260_20230222_W2LT.pdf","securityCode":"513260","securityAbbr":"HSTECH"},{"discloseId":"202302220051326037BMFUND_BULLETI","discloseDate":"2023-02-22","bulletinTitle":"汇添富恒生科技交易型开放式指数证券投资基金（QDII）更新招募说明书（2023年2月22日更新）","bulletinClassic":"FUND_BULLETIN","publishTime":"2023-02-21 15:42:11","bulletinUrl":"/disclosure/fund/announcement/c/new/2023-02-22/513260_20230222_37BM.pdf","securityCode":"513260","securityAbbr":"HSTECH"},{"discloseId":"202302220056009060BOFUND_BULLETI","discloseDate":"2023-02-22","bulletinTitle":"汇添富中证全指证券公司交易型开放式指数证券投资基金基金上网发售提示性公告","bulletinClassic":"FUND_BULLETIN","publishTime":"2023-02-21 15:41:29","bulletinUrl":"/disclosure/fund/announcement/c/new/2023-02-22/560090_20230222_60BO.pdf","securityCode":"560090","securityAbbr":"证券指数"},{"discloseId":"2023022200501069VG1TFUND_BULLETI","discloseDate":"2023-02-22","bulletinTitle":"华宝基金管理有限公司关于以通讯方式召开华宝标普中国A股质量价值指数证券投资基金（LOF）基金份额持有人大会的第二次提示性公告","bulletinClassic":"FUND_BULLETIN","publishTime":"2023-02-21 15:30:06","bulletinUrl":"/disclosure/fund/announcement/c/new/2023-02-22/501069_20230222_VG1T.pdf","securityCode":"501069","securityAbbr":"质量基金"}]}